epoch,accuracy,loss
0.0,0.5625,0.69268798828125
0.0018281535648994515,0.6875,0.6760291457176208
0.003656307129798903,0.5,0.7193874716758728
0.005484460694698354,0.5,0.6802694201469421
0.007312614259597806,0.4375,0.7081194519996643
0.009140767824497258,0.59375,0.6964755654335022
0.010968921389396709,0.3125,0.7213989496231079
0.012797074954296161,0.53125,0.689017653465271
0.014625228519195612,0.34375,0.7021690607070923
0.016453382084095063,0.53125,0.6878748536109924
0.018281535648994516,0.34375,0.7047054171562195
0.02010968921389397,0.65625,0.6866173148155212
0.021937842778793418,0.59375,0.6829953193664551
0.02376599634369287,0.59375,0.6810436844825745
0.025594149908592323,0.5,0.7083901166915894
0.027422303473491772,0.46875,0.7003278732299805
0.029250457038391225,0.46875,0.7022761106491089
0.031078610603290677,0.59375,0.6819921731948853
0.03290676416819013,0.5,0.6921825408935547
0.03473491773308958,0.4375,0.7015687823295593
0.03656307129798903,0.5,0.7076308727264404
0.038391224862888484,0.5625,0.6901962161064148
0.04021937842778794,0.5625,0.688845157623291
0.04204753199268738,0.5,0.6903720498085022
0.043875685557586835,0.53125,0.6924538016319275
0.04570383912248629,0.5625,0.6834403872489929
0.04753199268738574,0.40625,0.7006190419197083
0.04936014625228519,0.59375,0.6902769207954407
0.051188299817184646,0.625,0.6794590353965759
0.05301645338208409,0.53125,0.6920828223228455
0.054844606946983544,0.625,0.6794760227203369
0.056672760511883,0.625,0.67445969581604
0.05850091407678245,0.59375,0.6869937777519226
0.0603290676416819,0.53125,0.7049973011016846
0.062157221206581355,0.46875,0.7090952396392822
0.06398537477148081,0.4375,0.7157009840011597
0.06581352833638025,0.5625,0.6838148236274719
0.06764168190127971,0.4375,0.7058067321777344
0.06946983546617916,0.65625,0.6741265654563904
0.0712979890310786,0.46875,0.6945161819458008
0.07312614259597806,0.40625,0.7011199593544006
0.07495429616087751,0.5625,0.685113787651062
0.07678244972577697,0.40625,0.6967247724533081
0.07861060329067641,0.46875,0.6935371160507202
0.08043875685557587,0.625,0.6847771406173706
0.08226691042047532,0.34375,0.6989837884902954
0.08409506398537477,0.40625,0.6949009299278259
0.08592321755027423,0.625,0.6912565231323242
0.08775137111517367,0.59375,0.6819700598716736
0.08957952468007313,0.6875,0.6486725807189941
0.09140767824497258,0.65625,0.612748384475708
0.09323583180987204,0.6875,0.6521093845367432
0.09506398537477148,0.59375,0.7082355618476868
0.09689213893967093,0.53125,0.7715052962303162
0.09872029250457039,0.59375,0.6625223159790039
0.10054844606946983,0.53125,0.789505124092102
0.10237659963436929,0.53125,0.7967366576194763
0.10420475319926874,0.5,0.7799696922302246
0.10603290676416818,0.40625,0.8958024978637695
0.10786106032906764,0.53125,0.7469104528427124
0.10968921389396709,0.5,0.7328596711158752
0.11151736745886655,0.5,0.7234447002410889
0.113345521023766,0.5625,0.6840760707855225
0.11517367458866545,0.46875,0.702265739440918
0.1170018281535649,0.40625,0.7079497575759888
0.11882998171846434,0.40625,0.7112175226211548
0.1206581352833638,0.5625,0.6872644424438477
0.12248628884826325,0.40625,0.6932446360588074
0.12431444241316271,0.625,0.6818467974662781
0.12614259597806216,0.5,0.7034494280815125
0.12797074954296161,0.40625,0.7231645584106445
0.12979890310786105,0.40625,0.7067859172821045
0.1316270566727605,0.46875,0.6974836587905884
0.13345521023765997,0.53125,0.6899142265319824
0.13528336380255943,0.40625,0.6956446170806885
0.13711151736745886,0.53125,0.6907261610031128
0.13893967093235832,0.59375,0.6689200401306152
0.14076782449725778,0.625,0.6830481886863708
0.1425959780621572,0.5,0.6867364645004272
0.14442413162705667,0.59375,0.6752698421478271
0.14625228519195613,0.75,0.5674740076065063
0.1480804387568556,0.59375,0.7050319314002991
0.14990859232175502,0.4375,0.7895163893699646
0.15173674588665448,0.40625,0.8603464961051941
0.15356489945155394,0.4375,0.7414918541908264
0.15539305301645337,0.46875,0.6974352598190308
0.15722120658135283,0.5,0.681016743183136
0.1590493601462523,0.5,0.7055689692497253
0.16087751371115175,0.46875,0.6991531848907471
0.16270566727605118,0.375,0.7089341878890991
0.16453382084095064,0.4375,0.6960563659667969
0.1663619744058501,0.625,0.6970853805541992
0.16819012797074953,0.46875,0.7004240155220032
0.170018281535649,0.40625,0.697701632976532
0.17184643510054845,0.59375,0.6923608183860779
0.1736745886654479,0.65625,0.6885560750961304
0.17550274223034734,0.5625,0.6992050409317017
0.1773308957952468,0.5,0.6951422691345215
0.17915904936014626,0.34375,0.708347737789154
0.1809872029250457,0.375,0.7155045866966248
0.18281535648994515,0.59375,0.6900857090950012
0.1846435100548446,0.6875,0.6744053959846497
0.18647166361974407,0.4375,0.7019214034080505
0.1882998171846435,0.4375,0.703361988067627
0.19012797074954296,0.625,0.6783033609390259
0.19195612431444242,0.4375,0.6927638649940491
0.19378427787934185,0.46875,0.6967781186103821
0.1956124314442413,0.4375,0.7006505727767944
0.19744058500914077,0.59375,0.6879816651344299
0.19926873857404023,0.65625,0.6791664361953735
0.20109689213893966,0.59375,0.6898230314254761
0.20292504570383912,0.59375,0.6848106384277344
0.20475319926873858,0.40625,0.7029591798782349
0.20658135283363802,0.53125,0.6989020109176636
0.20840950639853748,0.5,0.6975466012954712
0.21023765996343693,0.59375,0.6821435689926147
0.21206581352833637,0.59375,0.6888301968574524
0.21389396709323583,0.53125,0.6933597326278687
0.21572212065813529,0.5,0.6997827291488647
0.21755027422303475,0.5625,0.6942110061645508
0.21937842778793418,0.5,0.7000251412391663
0.22120658135283364,0.5625,0.6804806590080261
0.2230347349177331,0.53125,0.7003178596496582
0.22486288848263253,0.40625,0.7136929631233215
0.226691042047532,0.5625,0.6824942231178284
0.22851919561243145,0.5,0.702966034412384
0.2303473491773309,0.5625,0.7066659331321716
0.23217550274223034,0.375,0.7232664227485657
0.2340036563071298,0.375,0.7317682504653931
0.23583180987202926,0.5,0.7066156268119812
0.2376599634369287,0.46875,0.6958908438682556
0.23948811700182815,0.5625,0.6911225914955139
0.2413162705667276,0.4375,0.6993893980979919
0.24314442413162707,0.40625,0.6990063786506653
0.2449725776965265,0.59375,0.6888927221298218
0.24680073126142596,0.4375,0.6960798501968384
0.24862888482632542,0.40625,0.6960350871086121
0.25045703839122485,0.625,0.6923947334289551
0.2522851919561243,0.34375,0.6937687397003174
0.25411334552102377,0.40625,0.6937121748924255
0.25594149908592323,0.59375,0.6919399499893188
0.2577696526508227,0.59375,0.6862722635269165
0.2595978062157221,0.4375,0.6941609978675842
0.26142595978062155,0.53125,0.6938365697860718
0.263254113345521,0.53125,0.6965198516845703
0.26508226691042047,0.46875,0.6976428031921387
0.26691042047531993,0.5,0.6979712247848511
0.2687385740402194,0.40625,0.7009362578392029
0.27056672760511885,0.65625,0.6829531788825989
0.27239488117001825,0.625,0.6891977190971375
0.2742230347349177,0.5,0.69687819480896
0.2760511882998172,0.46875,0.7004479169845581
0.27787934186471663,0.375,0.7041515111923218
0.2797074954296161,0.375,0.7035805583000183
0.28153564899451555,0.625,0.6869624853134155
0.283363802559415,0.5625,0.6891186237335205
0.2851919561243144,0.625,0.6928300261497498
0.2870201096892139,0.3125,0.7020244598388672
0.28884826325411334,0.4375,0.6933136582374573
0.2906764168190128,0.46875,0.6932098269462585
0.29250457038391225,0.5625,0.691976010799408
0.2943327239488117,0.46875,0.6946951150894165
0.2961608775137112,0.4375,0.6918067336082458
0.2979890310786106,0.34375,0.6948607563972473
0.29981718464351004,0.40625,0.6929712295532227
0.3016453382084095,0.5625,0.6917018890380859
0.30347349177330896,0.40625,0.6949304938316345
0.3053016453382084,0.5,0.6923043131828308
0.3071297989031079,0.4375,0.6945996880531311
0.30895795246800734,0.375,0.6937375664710999
0.31078610603290674,0.46875,0.6929438710212708
0.3126142595978062,0.71875,0.6899003386497498
0.31444241316270566,0.5,0.6930159330368042
0.3162705667276051,0.53125,0.6932520270347595
0.3180987202925046,0.59375,0.6905096173286438
0.31992687385740404,0.59375,0.6894868612289429
0.3217550274223035,0.40625,0.6952489614486694
0.3235831809872029,0.5625,0.6894884705543518
0.32541133455210236,0.5625,0.6901493668556213
0.3272394881170018,0.625,0.6893791556358337
0.3290676416819013,0.59375,0.6911295056343079
0.33089579524680074,0.65625,0.6847647428512573
0.3327239488117002,0.46875,0.6940387487411499
0.33455210237659966,0.5625,0.6870610117912292
0.33638025594149906,0.46875,0.6936109066009521
0.3382084095063985,0.625,0.6861832141876221
0.340036563071298,0.4375,0.6958540081977844
0.34186471663619744,0.375,0.7050150632858276
0.3436928702010969,0.59375,0.6850653290748596
0.34552102376599636,0.4375,0.6948033571243286
0.3473491773308958,0.4375,0.7020718455314636
0.3491773308957952,0.5625,0.6898724436759949
0.3510054844606947,0.59375,0.6847344636917114
0.35283363802559414,0.5,0.6939040422439575
0.3546617915904936,0.375,0.7099969983100891
0.35648994515539306,0.65625,0.6818304061889648
0.3583180987202925,0.53125,0.6932259798049927
0.360146252285192,0.40625,0.709036111831665
0.3619744058500914,0.46875,0.6998245716094971
0.36380255941499084,0.5625,0.6929411888122559
0.3656307129798903,0.5,0.6977576017379761
0.36745886654478976,0.5625,0.6891840696334839
0.3692870201096892,0.28125,0.7106948494911194
0.3711151736745887,0.59375,0.6849437952041626
0.37294332723948814,0.4375,0.6954022645950317
0.37477148080438755,0.5,0.6949247717857361
0.376599634369287,0.5,0.6960338950157166
0.37842778793418647,0.5,0.6918960213661194
0.3802559414990859,0.65625,0.6846786737442017
0.3820840950639854,0.5625,0.6895936727523804
0.38391224862888484,0.59375,0.6889992952346802
0.3857404021937843,0.4375,0.6960242986679077
0.3875685557586837,0.59375,0.6900197267532349
0.38939670932358317,0.5625,0.6919968128204346
0.3912248628884826,0.5625,0.6921550631523132
0.3930530164533821,0.625,0.6880174875259399
0.39488117001828155,0.5625,0.6935526728630066
0.396709323583181,0.59375,0.6894325613975525
0.39853747714808047,0.5,0.6957093477249146
0.40036563071297987,0.3125,0.6994166970252991
0.40219378427787933,0.46875,0.6966388821601868
0.4040219378427788,0.46875,0.6940532922744751
0.40585009140767825,0.5625,0.6918938755989075
0.4076782449725777,0.46875,0.6954708099365234
0.40950639853747717,0.40625,0.6965072751045227
0.4113345521023766,0.65625,0.6864800453186035
0.41316270566727603,0.5,0.6936492919921875
0.4149908592321755,0.5625,0.6921406388282776
0.41681901279707495,0.40625,0.696121096611023
0.4186471663619744,0.5,0.6942312717437744
0.42047531992687387,0.5625,0.691137433052063
0.42230347349177333,0.5,0.6965895295143127
0.42413162705667273,0.40625,0.698642909526825
0.4259597806215722,0.53125,0.6891523599624634
0.42778793418647165,0.5,0.6953625082969666
0.4296160877513711,0.625,0.6904878616333008
0.43144424131627057,0.5,0.693621039390564
0.43327239488117003,0.34375,0.6990164518356323
0.4351005484460695,0.5,0.6917746067047119
0.4369287020109689,0.5625,0.6881504058837891
0.43875685557586835,0.4375,0.696761965751648
0.4405850091407678,0.40625,0.7008705735206604
0.4424131627056673,0.59375,0.6926491856575012
0.44424131627056673,0.5,0.6919152140617371
0.4460694698354662,0.53125,0.6889742612838745
0.44789762340036565,0.46875,0.6922880411148071
0.44972577696526506,0.3125,0.6999330520629883
0.4515539305301645,0.4375,0.6953610777854919
0.453382084095064,0.5,0.6938772201538086
0.45521023765996343,0.625,0.6920366287231445
0.4570383912248629,0.65625,0.6913423538208008
0.45886654478976235,0.3125,0.7002598643302917
0.4606946983546618,0.5625,0.6934971809387207
0.4625228519195612,0.5,0.6922873854637146
0.4643510054844607,0.34375,0.6970980763435364
0.46617915904936014,0.53125,0.6925756335258484
0.4680073126142596,0.6875,0.6901088953018188
0.46983546617915906,0.46875,0.6930513381958008
0.4716636197440585,0.3125,0.6971055269241333
0.473491773308958,0.46875,0.692888617515564
0.4753199268738574,0.46875,0.6931619048118591
0.47714808043875684,0.5625,0.692599892616272
0.4789762340036563,0.375,0.694193959236145
0.48080438756855576,0.4375,0.6934226155281067
0.4826325411334552,0.53125,0.6924489140510559
0.4844606946983547,0.53125,0.6925364136695862
0.48628884826325414,0.6875,0.6919295787811279
0.48811700182815354,0.5,0.6928203105926514
0.489945155393053,0.625,0.6922534108161926
0.49177330895795246,0.5625,0.6927024126052856
0.4936014625228519,0.375,0.6950850486755371
0.4954296160877514,0.4375,0.694497287273407
0.49725776965265084,0.59375,0.6905121803283691
0.4990859232175503,0.5625,0.692976176738739
0.5009140767824497,0.46875,0.695222020149231
0.5027422303473492,0.375,0.6968271732330322
0.5045703839122486,0.53125,0.6938142776489258
0.506398537477148,0.65625,0.6880074143409729
0.5082266910420475,0.65625,0.6891665458679199
0.5100548446069469,0.5,0.6919612884521484
0.5118829981718465,0.59375,0.6932017207145691
0.5137111517367459,0.65625,0.6907874941825867
0.5155393053016454,0.53125,0.6885906457901001
0.5173674588665448,0.5,0.6925490498542786
0.5191956124314442,0.4375,0.6924659013748169
0.5210237659963437,0.5,0.690842866897583
0.5228519195612431,0.59375,0.6882162690162659
0.5246800731261426,0.59375,0.6930524110794067
0.526508226691042,0.46875,0.69270920753479
0.5283363802559415,0.59375,0.6866699457168579
0.5301645338208409,0.46875,0.6942964792251587
0.5319926873857403,0.5625,0.6891841292381287
0.5338208409506399,0.59375,0.6861124038696289
0.5356489945155393,0.375,0.7027608752250671
0.5374771480804388,0.40625,0.7045691609382629
0.5393053016453382,0.46875,0.696627140045166
0.5411334552102377,0.65625,0.6851283311843872
0.5429616087751371,0.375,0.6977719664573669
0.5447897623400365,0.40625,0.6941916942596436
0.546617915904936,0.53125,0.6938503384590149
0.5484460694698354,0.625,0.6802867650985718
0.5502742230347349,0.46875,0.6956211924552917
0.5521023765996343,0.46875,0.6928883194923401
0.5539305301645339,0.4375,0.6974762678146362
0.5557586837294333,0.53125,0.6972974538803101
0.5575868372943327,0.65625,0.6827335357666016
0.5594149908592322,0.40625,0.6970250010490417
0.5612431444241316,0.46875,0.6996039152145386
0.5630712979890311,0.59375,0.6901698708534241
0.5648994515539305,0.4375,0.7023034691810608
0.56672760511883,0.46875,0.6986981630325317
0.5685557586837294,0.5625,0.6898464560508728
0.5703839122486288,0.3125,0.7065449953079224
0.5722120658135283,0.53125,0.6960924863815308
0.5740402193784278,0.40625,0.6942324638366699
0.5758683729433273,0.5,0.6929426193237305
0.5776965265082267,0.5625,0.6935063600540161
0.5795246800731262,0.4375,0.6986981630325317
0.5813528336380256,0.4375,0.6931925415992737
0.583180987202925,0.4375,0.6939526796340942
0.5850091407678245,0.5,0.6925209164619446
0.5868372943327239,0.4375,0.6932599544525146
0.5886654478976234,0.40625,0.6967269778251648
0.5904936014625228,0.625,0.689408540725708
0.5923217550274223,0.375,0.6955992579460144
0.5941499085923218,0.40625,0.6957395076751709
0.5959780621572212,0.40625,0.6938602924346924
0.5978062157221207,0.5625,0.6922654509544373
0.5996343692870201,0.5,0.6935275197029114
0.6014625228519196,0.40625,0.6938886046409607
0.603290676416819,0.5625,0.6930060982704163
0.6051188299817185,0.34375,0.6938057541847229
0.6069469835466179,0.5625,0.693203866481781
0.6087751371115173,0.53125,0.6926910877227783
0.6106032906764168,0.5,0.6933526992797852
0.6124314442413162,0.6875,0.6927738189697266
0.6142595978062158,0.46875,0.6931675672531128
0.6160877513711152,0.3125,0.6935794353485107
0.6179159049360147,0.40625,0.6933578848838806
0.6197440585009141,0.375,0.6934808492660522
0.6215722120658135,0.46875,0.6932228207588196
0.623400365630713,0.53125,0.6930875182151794
0.6252285191956124,0.53125,0.6930490732192993
0.6270566727605119,0.53125,0.6929643750190735
0.6288848263254113,0.65625,0.6928225755691528
0.6307129798903108,0.4375,0.693164587020874
0.6325411334552102,0.3125,0.6939355134963989
0.6343692870201096,0.375,0.69367915391922
0.6361974405850092,0.5,0.6934397220611572
0.6380255941499086,0.375,0.6938518285751343
0.6398537477148081,0.5625,0.6927943825721741
0.6416819012797075,0.65625,0.6926361322402954
0.643510054844607,0.59375,0.6929721236228943
0.6453382084095064,0.53125,0.6930432319641113
0.6471663619744058,0.46875,0.6933520436286926
0.6489945155393053,0.4375,0.6933662295341492
0.6508226691042047,0.5,0.6933285593986511
0.6526508226691042,0.5,0.6930403113365173
0.6544789762340036,0.40625,0.6932093501091003
0.6563071297989032,0.40625,0.6932450532913208
0.6581352833638026,0.5,0.6933557987213135
0.659963436928702,0.46875,0.6929363012313843
0.6617915904936015,0.5,0.6930659413337708
0.6636197440585009,0.53125,0.6930487751960754
0.6654478976234004,0.65625,0.6925153732299805
0.6672760511882998,0.40625,0.6935468316078186
0.6691042047531993,0.34375,0.6940798759460449
0.6709323583180987,0.5625,0.6926916837692261
0.6727605118829981,0.53125,0.6930671334266663
0.6745886654478976,0.5625,0.692433774471283
0.676416819012797,0.59375,0.6921249628067017
0.6782449725776966,0.46875,0.6932179927825928
0.680073126142596,0.53125,0.6930832266807556
0.6819012797074955,0.5,0.6930067539215088
0.6837294332723949,0.375,0.6941782236099243
0.6855575868372943,0.4375,0.6934516429901123
0.6873857404021938,0.59375,0.6919943690299988
0.6892138939670932,0.5,0.6929032802581787
0.6910420475319927,0.53125,0.6936198472976685
0.6928702010968921,0.46875,0.6938305497169495
0.6946983546617916,0.5625,0.6924428939819336
0.696526508226691,0.46875,0.6928555965423584
0.6983546617915904,0.46875,0.6930274367332458
0.70018281535649,0.53125,0.6920308470726013
0.7020109689213894,0.46875,0.6938721537590027
0.7038391224862889,0.46875,0.6934238076210022
0.7056672760511883,0.59375,0.6918472051620483
0.7074954296160878,0.40625,0.6950043439865112
0.7093235831809872,0.5,0.6935468316078186
0.7111517367458866,0.4375,0.6949864625930786
0.7129798903107861,0.34375,0.6947799324989319
0.7148080438756855,0.5,0.6935639381408691
0.716636197440585,0.53125,0.6925615072250366
0.7184643510054844,0.625,0.6918702125549316
0.720292504570384,0.34375,0.6956772804260254
0.7221206581352834,0.375,0.693808376789093
0.7239488117001828,0.59375,0.6923916339874268
0.7257769652650823,0.46875,0.6930521130561829
0.7276051188299817,0.46875,0.6939082741737366
0.7294332723948812,0.40625,0.6933579444885254
0.7312614259597806,0.375,0.6935012340545654
0.7330895795246801,0.46875,0.6932101845741272
0.7349177330895795,0.5,0.6931915283203125
0.7367458866544789,0.5625,0.6931105256080627
0.7385740402193784,0.625,0.6921842694282532
0.7404021937842779,0.5,0.6928703188896179
0.7422303473491774,0.59375,0.6921585202217102
0.7440585009140768,0.46875,0.6926174163818359
0.7458866544789763,0.4375,0.6938638687133789
0.7477148080438757,0.375,0.6961816549301147
0.7495429616087751,0.4375,0.6942250728607178
0.7513711151736746,0.40625,0.6943392753601074
0.753199268738574,0.6875,0.6897399425506592
0.7550274223034735,0.65625,0.6904014348983765
0.7568555758683729,0.40625,0.6954861879348755
0.7586837294332724,0.46875,0.695077657699585
0.7605118829981719,0.3125,0.6974847912788391
0.7623400365630713,0.5,0.6947599649429321
0.7641681901279708,0.59375,0.6915997266769409
0.7659963436928702,0.5625,0.6920071840286255
0.7678244972577697,0.5625,0.6916942000389099
0.7696526508226691,0.53125,0.6930699944496155
0.7714808043875686,0.5625,0.6911482810974121
0.773308957952468,0.375,0.6957173347473145
0.7751371115173674,0.6875,0.6888147592544556
0.7769652650822669,0.625,0.6907780170440674
0.7787934186471663,0.5,0.6937403082847595
0.7806215722120659,0.40625,0.6959404349327087
0.7824497257769653,0.4375,0.6951603889465332
0.7842778793418648,0.5,0.6928205490112305
0.7861060329067642,0.5,0.6939493417739868
0.7879341864716636,0.5,0.6940310001373291
0.7897623400365631,0.59375,0.6907554268836975
0.7915904936014625,0.625,0.6912323236465454
0.793418647166362,0.5,0.6941076517105103
0.7952468007312614,0.5,0.6934153437614441
0.7970749542961609,0.5625,0.6930078268051147
0.7989031078610603,0.5,0.6921561360359192
0.8007312614259597,0.46875,0.6914681792259216
0.8025594149908593,0.75,0.6875226497650146
0.8043875685557587,0.53125,0.6922941207885742
0.8062157221206582,0.5625,0.693792462348938
0.8080438756855576,0.5625,0.6918877363204956
0.8098720292504571,0.46875,0.696585476398468
0.8117001828153565,0.59375,0.6899517774581909
0.8135283363802559,0.53125,0.6941705942153931
0.8153564899451554,0.5,0.6912402510643005
0.8171846435100548,0.53125,0.6937311887741089
0.8190127970749543,0.59375,0.6918792724609375
0.8208409506398537,0.53125,0.6916341185569763
0.8226691042047533,0.46875,0.6931642293930054
0.8244972577696527,0.4375,0.6963224411010742
0.8263254113345521,0.5,0.6978569626808167
0.8281535648994516,0.4375,0.6971861720085144
0.829981718464351,0.4375,0.6979167461395264
0.8318098720292505,0.53125,0.6959322690963745
0.8336380255941499,0.5625,0.6908239126205444
0.8354661791590493,0.46875,0.6935587525367737
0.8372943327239488,0.65625,0.6880601644515991
0.8391224862888482,0.5625,0.6914799809455872
0.8409506398537477,0.5,0.6937242746353149
0.8427787934186471,0.46875,0.6942830085754395
0.8446069469835467,0.46875,0.694219708442688
0.8464351005484461,0.46875,0.6938950419425964
0.8482632541133455,0.5625,0.6904304623603821
0.850091407678245,0.5,0.6940028071403503
0.8519195612431444,0.59375,0.6896055936813354
0.8537477148080439,0.4375,0.6962494850158691
0.8555758683729433,0.5,0.6909594535827637
0.8574040219378428,0.4375,0.6940106749534607
0.8592321755027422,0.625,0.6916164755821228
0.8610603290676416,0.59375,0.6920857429504395
0.8628884826325411,0.5625,0.6905405521392822
0.8647166361974405,0.40625,0.694809079170227
0.8665447897623401,0.53125,0.6922165155410767
0.8683729433272395,0.5,0.6917538046836853
0.870201096892139,0.46875,0.693469762802124
0.8720292504570384,0.53125,0.6926043033599854
0.8738574040219378,0.59375,0.6888076066970825
0.8756855575868373,0.5625,0.6921423077583313
0.8775137111517367,0.53125,0.6916987895965576
0.8793418647166362,0.4375,0.6962448954582214
0.8811700182815356,0.53125,0.6924818754196167
0.8829981718464351,0.4375,0.6959394216537476
0.8848263254113345,0.375,0.6984649896621704
0.886654478976234,0.59375,0.687660813331604
0.8884826325411335,0.53125,0.6914321184158325
0.8903107861060329,0.375,0.700640082359314
0.8921389396709324,0.625,0.6909976005554199
0.8939670932358318,0.5,0.6906372904777527
0.8957952468007313,0.5625,0.6894519925117493
0.8976234003656307,0.625,0.6878980994224548
0.8994515539305301,0.4375,0.6969510912895203
0.9012797074954296,0.53125,0.6949186325073242
0.903107861060329,0.65625,0.6874248385429382
0.9049360146252285,0.5625,0.6906124353408813
0.906764168190128,0.40625,0.7001239657402039
0.9085923217550275,0.53125,0.6925968527793884
0.9104204753199269,0.5,0.6919557452201843
0.9122486288848263,0.5625,0.6899693608283997
0.9140767824497258,0.5,0.6965926289558411
0.9159049360146252,0.34375,0.6982772350311279
0.9177330895795247,0.5,0.6929972767829895
0.9195612431444241,0.3125,0.7038843035697937
0.9213893967093236,0.625,0.6869012713432312
0.923217550274223,0.46875,0.6918717622756958
0.9250457038391224,0.65625,0.6868881583213806
0.926873857404022,0.46875,0.6941158175468445
0.9287020109689214,0.53125,0.6914047598838806
0.9305301645338209,0.53125,0.6921226382255554
0.9323583180987203,0.5,0.6917242407798767
0.9341864716636198,0.40625,0.6972628831863403
0.9360146252285192,0.46875,0.6935936808586121
0.9378427787934186,0.5,0.6940421462059021
0.9396709323583181,0.375,0.6944872140884399
0.9414990859232175,0.53125,0.690055251121521
0.943327239488117,0.5,0.696370005607605
0.9451553930530164,0.65625,0.6882104277610779
0.946983546617916,0.5,0.6908298134803772
0.9488117001828154,0.53125,0.6928310394287109
0.9506398537477148,0.5,0.6942341923713684
0.9524680073126143,0.5,0.6914016604423523
0.9542961608775137,0.46875,0.6952334642410278
0.9561243144424132,0.4285714626312256,0.6964052319526672
0.9579524680073126,0.53125,0.6923912763595581
0.9597806215722121,0.625,0.6884867548942566
0.9616087751371115,0.375,0.6987611651420593
0.9634369287020109,0.3125,0.6976552605628967
0.9652650822669104,0.46875,0.6950963139533997
0.9670932358318098,0.3125,0.6975923776626587
0.9689213893967094,0.4375,0.6948405504226685
0.9707495429616088,0.5625,0.6928459405899048
0.9725776965265083,0.40625,0.694263756275177
0.9744058500914077,0.5625,0.6922547817230225
0.9762340036563071,0.59375,0.692150354385376
0.9780621572212066,0.59375,0.6930574178695679
0.979890310786106,0.5625,0.6932201981544495
0.9817184643510055,0.5625,0.6930913925170898
0.9835466179159049,0.4375,0.6930813789367676
0.9853747714808044,0.5625,0.69227534532547
0.9872029250457038,0.375,0.6942937970161438
0.9890310786106032,0.53125,0.6932146549224854
0.9908592321755028,0.4375,0.692607045173645
0.9926873857404022,0.59375,0.6922797560691833
0.9945155393053017,0.5,0.6927079558372498
0.9963436928702011,0.46875,0.6932687163352966
0.9981718464351006,0.59375,0.6923361420631409
1.0,0.5,0.6932348012924194
1.0018281535648994,0.46875,0.6939282417297363
1.0036563071297988,0.40625,0.6941304802894592
1.0054844606946984,0.5625,0.6927291750907898
1.0073126142595978,0.4375,0.6933228373527527
1.0091407678244972,0.4375,0.6941635012626648
1.0109689213893966,0.59375,0.6916729807853699
1.012797074954296,0.5,0.6922920346260071
1.0146252285191957,0.5,0.6930162906646729
1.016453382084095,0.5,0.6933743953704834
1.0182815356489945,0.40625,0.6939422488212585
1.0201096892138939,0.4375,0.6940661668777466
1.0219378427787935,0.5625,0.6925020217895508
1.023765996343693,0.65625,0.6924066543579102
1.0255941499085923,0.40625,0.693537712097168
1.0274223034734917,0.5625,0.6925204992294312
1.0292504570383911,0.34375,0.6946125030517578
1.0310786106032908,0.53125,0.692712664604187
1.0329067641681902,0.46875,0.6933635473251343
1.0347349177330896,0.53125,0.6928536891937256
1.036563071297989,0.3125,0.6946563720703125
1.0383912248628886,0.53125,0.6932722926139832
1.040219378427788,0.5,0.692898154258728
1.0420475319926874,0.53125,0.6923760771751404
1.0438756855575868,0.59375,0.6924510598182678
1.0457038391224862,0.4375,0.6928184628486633
1.0475319926873858,0.46875,0.692659854888916
1.0493601462522852,0.4375,0.6929742097854614
1.0511882998171846,0.6875,0.6918853521347046
1.053016453382084,0.53125,0.693229079246521
1.0548446069469835,0.53125,0.6927452683448792
1.056672760511883,0.40625,0.6932517886161804
1.0585009140767825,0.59375,0.6923854351043701
1.0603290676416819,0.40625,0.694235622882843
1.0621572212065813,0.4375,0.6933186054229736
1.0639853747714807,0.59375,0.6913202404975891
1.0658135283363803,0.4375,0.6932023167610168
1.0676416819012797,0.5,0.6931189298629761
1.0694698354661791,0.59375,0.6917969584465027
1.0712979890310785,0.53125,0.6915946006774902
1.0731261425959782,0.5625,0.6917287111282349
1.0749542961608776,0.5,0.6918666362762451
1.076782449725777,0.625,0.688108503818512
1.0786106032906764,0.34375,0.6988296508789062
1.0804387568555758,0.53125,0.6953685283660889
1.0822669104204754,0.40625,0.6943299770355225
1.0840950639853748,0.625,0.6890560388565063
1.0859232175502742,0.46875,0.6924282908439636
1.0877513711151736,0.4375,0.6954385042190552
1.0895795246800732,0.375,0.7009269595146179
1.0914076782449726,0.5,0.6921143531799316
1.093235831809872,0.5,0.6952240467071533
1.0950639853747715,0.5625,0.6909121870994568
1.0968921389396709,0.4375,0.6965636610984802
1.0987202925045705,0.4375,0.693997323513031
1.1005484460694699,0.5,0.6929328441619873
1.1023765996343693,0.53125,0.6936038136482239
1.1042047531992687,0.4375,0.6929384469985962
1.106032906764168,0.65625,0.6901304721832275
1.1078610603290677,0.5,0.6927029490470886
1.1096892138939671,0.46875,0.6944937705993652
1.1115173674588665,0.5625,0.6934943795204163
1.113345521023766,0.46875,0.6925159096717834
1.1151736745886653,0.5,0.6926430463790894
1.117001828153565,0.5,0.6935197114944458
1.1188299817184644,0.625,0.6897138953208923
1.1206581352833638,0.5,0.6933789849281311
1.1224862888482632,0.5,0.6961427330970764
1.1243144424131628,0.46875,0.6930640339851379
1.1261425959780622,0.375,0.7000852227210999
1.1279707495429616,0.5,0.6920552253723145
1.129798903107861,0.4375,0.7073051929473877
1.1316270566727604,0.625,0.6627852320671082
1.13345521023766,0.46875,0.7100525498390198
1.1352833638025595,0.65625,0.6366749405860901
1.1371115173674589,0.4375,0.7476286888122559
1.1389396709323583,0.4375,0.7172632813453674
1.1407678244972579,0.46875,0.7089492082595825
1.1425959780621573,0.53125,0.6922771334648132
1.1444241316270567,0.5,0.6799042224884033
1.146252285191956,0.5,0.7030686736106873
1.1480804387568555,0.5625,0.7224195599555969
1.1499085923217551,0.65625,0.6222367882728577
1.1517367458866545,0.375,0.7704057097434998
1.153564899451554,0.40625,0.7086457014083862
1.1553930530164533,0.5625,0.7161139249801636
1.1572212065813527,0.40625,0.6771636009216309
1.1590493601462524,0.4375,0.7588974833488464
1.1608775137111518,0.40625,0.718092679977417
1.1627056672760512,0.53125,0.6944613456726074
1.1645338208409506,0.5,0.6975386738777161
1.16636197440585,0.65625,0.6791548132896423
1.1681901279707496,0.4375,0.801041305065155
1.170018281535649,0.34375,0.7609838843345642
1.1718464351005484,0.59375,0.6576961874961853
1.1736745886654478,0.53125,0.7610100507736206
1.1755027422303472,0.625,0.6564135551452637
1.1773308957952469,0.65625,0.7079282999038696
1.1791590493601463,0.625,0.6773322224617004
1.1809872029250457,0.59375,0.6863990426063538
1.182815356489945,0.46875,0.7269732356071472
1.1846435100548447,0.59375,0.6734403967857361
1.186471663619744,0.59375,0.6707674264907837
1.1882998171846435,0.5625,0.6669951677322388
1.190127970749543,0.34375,0.767416775226593
1.1919561243144425,0.5625,0.7095692157745361
1.193784277879342,0.46875,0.7305296063423157
1.1956124314442413,0.625,0.6449786424636841
1.1974405850091407,0.375,0.781705915927887
1.1992687385740401,0.5,0.6774733066558838
1.2010968921389398,0.625,0.6688275933265686
1.2029250457038392,0.4375,0.7281151413917542
1.2047531992687386,0.5625,0.679128110408783
1.206581352833638,0.625,0.6867663264274597
1.2084095063985374,0.5625,0.6881152987480164
1.210237659963437,0.4375,0.6882611513137817
1.2120658135283364,0.625,0.6463310122489929
1.2138939670932358,0.59375,0.675567090511322
1.2157221206581352,0.375,0.723200261592865
1.2175502742230346,0.53125,0.7055611610412598
1.2193784277879343,0.53125,0.7021854519844055
1.2212065813528337,0.46875,0.74751216173172
1.223034734917733,0.5625,0.7118362188339233
1.2248628884826325,0.59375,0.6826715469360352
1.2266910420475319,0.4375,0.6929535269737244
1.2285191956124315,0.59375,0.6888926029205322
1.230347349177331,0.53125,0.7053181529045105
1.2321755027422303,0.46875,0.7001937031745911
1.2340036563071297,0.6875,0.6853489279747009
1.2358318098720293,0.3125,0.7258724570274353
1.2376599634369287,0.46875,0.6904690861701965
1.2394881170018281,0.46875,0.6933704614639282
1.2413162705667276,0.53125,0.6875667572021484
1.2431444241316272,0.59375,0.690043568611145
1.2449725776965266,0.5625,0.6785306930541992
1.246800731261426,0.46875,0.6891999840736389
1.2486288848263254,0.53125,0.686262845993042
1.2504570383912248,0.5,0.7044817805290222
1.2522851919561244,0.5,0.693274199962616
1.2541133455210238,0.625,0.6771259903907776
1.2559414990859232,0.5625,0.6634619235992432
1.2577696526508226,0.65625,0.650140106678009
1.259597806215722,0.5625,0.6762790679931641
1.2614259597806217,0.53125,0.6985369920730591
1.263254113345521,0.59375,0.6461402773857117
1.2650822669104205,0.5,0.6903749704360962
1.2669104204753199,0.5625,0.6516632437705994
1.2687385740402193,0.53125,0.7122809886932373
1.270566727605119,0.40625,0.7471314072608948
1.2723948811700183,0.5625,0.7083966135978699
1.2742230347349177,0.5625,0.6540241241455078
1.2760511882998171,0.40625,0.7198548913002014
1.2778793418647165,0.4375,0.7116996049880981
1.2797074954296161,0.46875,0.7034598588943481
1.2815356489945156,0.5,0.7315766215324402
1.283363802559415,0.53125,0.6940692663192749
1.2851919561243144,0.5,0.6774641871452332
1.2870201096892138,0.53125,0.6898408532142639
1.2888482632541134,0.5,0.6939471364021301
1.2906764168190128,0.53125,0.6717543601989746
1.2925045703839122,0.46875,0.7049002051353455
1.2943327239488118,0.65625,0.6714309453964233
1.2961608775137112,0.375,0.7155863046646118
1.2979890310786106,0.625,0.6370992064476013
1.29981718464351,0.53125,0.6945316791534424
1.3016453382084094,0.5625,0.6899646520614624
1.303473491773309,0.4375,0.7266610264778137
1.3053016453382085,0.40625,0.7084404230117798
1.3071297989031079,0.5625,0.6884934306144714
1.3089579524680073,0.59375,0.6898293495178223
1.3107861060329067,0.40625,0.7013907432556152
1.3126142595978063,0.5,0.6804571151733398
1.3144424131627057,0.59375,0.6883947253227234
1.3162705667276051,0.59375,0.6801102757453918
1.3180987202925045,0.4375,0.706868052482605
1.319926873857404,0.46875,0.6849343180656433
1.3217550274223036,0.625,0.6724950075149536
1.323583180987203,0.59375,0.6928727030754089
1.3254113345521024,0.5625,0.6753665804862976
1.3272394881170018,0.625,0.6656506657600403
1.3290676416819012,0.53125,0.6859548687934875
1.3308957952468008,0.625,0.6857841610908508
1.3327239488117002,0.625,0.6730679273605347
1.3345521023765996,0.53125,0.6952967047691345
1.336380255941499,0.625,0.6614449620246887
1.3382084095063984,0.65625,0.6436905860900879
1.340036563071298,0.46875,0.6960321068763733
1.3418647166361974,0.59375,0.6639292240142822
1.3436928702010968,0.53125,0.680188775062561
1.3455210237659965,0.4375,0.7123749852180481
1.3473491773308959,0.5,0.7055648565292358
1.3491773308957953,0.46875,0.7010821104049683
1.3510054844606947,0.4375,0.6996287107467651
1.352833638025594,0.46875,0.7062596082687378
1.3546617915904937,0.5,0.7151384353637695
1.3564899451553931,0.5,0.6922608613967896
1.3583180987202925,0.40625,0.7261768579483032
1.360146252285192,0.4375,0.7239022850990295
1.3619744058500913,0.4375,0.6995062232017517
1.363802559414991,0.5625,0.6687842607498169
1.3656307129798904,0.5,0.6922059059143066
1.3674588665447898,0.5625,0.6763189435005188
1.3692870201096892,0.46875,0.7076241970062256
1.3711151736745886,0.65625,0.6664297580718994
1.3729433272394882,0.5625,0.7039413452148438
1.3747714808043876,0.40625,0.6874018311500549
1.376599634369287,0.59375,0.6636354327201843
1.3784277879341864,0.46875,0.7048222422599792
1.3802559414990858,0.4375,0.6967013478279114
1.3820840950639854,0.40625,0.6744250059127808
1.3839122486288848,0.5,0.6959012746810913
1.3857404021937842,0.40625,0.7040271759033203
1.3875685557586837,0.4375,0.7117651700973511
1.389396709323583,0.3125,0.744823694229126
1.3912248628884827,0.53125,0.6969025731086731
1.393053016453382,0.5,0.6964801549911499
1.3948811700182815,0.59375,0.6805433630943298
1.3967093235831811,0.6875,0.6194050312042236
1.3985374771480805,0.40625,0.7134690284729004
1.40036563071298,0.4375,0.6635925769805908
1.4021937842778793,0.40625,0.7094814777374268
1.4040219378427787,0.59375,0.6582396030426025
1.4058500914076784,0.53125,0.679956316947937
1.4076782449725778,0.53125,0.6610228419303894
1.4095063985374772,0.46875,0.7013748288154602
1.4113345521023766,0.5,0.6683709025382996
1.413162705667276,0.625,0.6896672248840332
1.4149908592321756,0.65625,0.6418173313140869
1.416819012797075,0.625,0.6570718884468079
1.4186471663619744,0.5,0.6766074299812317
1.4204753199268738,0.5625,0.6652972102165222
1.4223034734917732,0.53125,0.6576361656188965
1.4241316270566728,0.5,0.6640750765800476
1.4259597806215722,0.53125,0.704319179058075
1.4277879341864717,0.5625,0.6825481653213501
1.429616087751371,0.5625,0.6847889423370361
1.4314442413162705,0.5,0.709753692150116
1.43327239488117,0.625,0.6588943004608154
1.4351005484460695,0.53125,0.6681880950927734
1.436928702010969,0.65625,0.6287463903427124
1.4387568555758683,0.6875,0.644208550453186
1.4405850091407677,0.625,0.6413543224334717
1.4424131627056673,0.53125,0.7039709687232971
1.4442413162705667,0.75,0.683417022228241
1.4460694698354661,0.5625,0.7047337293624878
1.4478976234003658,0.59375,0.6812366247177124
1.449725776965265,0.53125,0.6783385276794434
1.4515539305301646,0.53125,0.6895632147789001
1.453382084095064,0.5625,0.7074418067932129
1.4552102376599634,0.4375,0.6807387471199036
1.457038391224863,0.46875,0.6813024878501892
1.4588665447897624,0.5625,0.6662103533744812
1.4606946983546618,0.53125,0.694824755191803
1.4625228519195612,0.5625,0.6838322281837463
1.4643510054844606,0.65625,0.6280904412269592
1.4661791590493602,0.53125,0.7165141105651855
1.4680073126142597,0.5,0.6973447203636169
1.469835466179159,0.46875,0.7303435802459717
1.4716636197440585,0.53125,0.6801108121871948
1.4734917733089579,0.59375,0.652319610118866
1.4753199268738575,0.5625,0.6929273009300232
1.477148080438757,0.5625,0.7038533091545105
1.4789762340036563,0.46875,0.705154538154602
1.4808043875685557,0.5,0.7148826718330383
1.482632541133455,0.78125,0.5930740833282471
1.4844606946983547,0.59375,0.6670327186584473
1.4862888482632541,0.59375,0.6940211057662964
1.4881170018281535,0.5625,0.6837456822395325
1.489945155393053,0.5,0.6980288624763489
1.4917733089579523,0.53125,0.6774922013282776
1.493601462522852,0.46875,0.70493483543396
1.4954296160877514,0.625,0.644110381603241
1.4972577696526508,0.65625,0.6930747032165527
1.4990859232175504,0.59375,0.6440966129302979
1.5009140767824496,0.5,0.6917477250099182
1.5027422303473492,0.5,0.6828370690345764
1.5045703839122486,0.5,0.6988474130630493
1.506398537477148,0.5625,0.6964970231056213
1.5082266910420477,0.53125,0.6832931637763977
1.5100548446069468,0.71875,0.6617596745491028
1.5118829981718465,0.5625,0.6641866564750671
1.5137111517367459,0.4375,0.7395894527435303
1.5155393053016453,0.65625,0.6975847482681274
1.517367458866545,0.53125,0.6659533977508545
1.519195612431444,0.5,0.7422928214073181
1.5210237659963437,0.5,0.6995916962623596
1.522851919561243,0.5,0.7401740550994873
1.5246800731261425,0.75,0.6221348643302917
1.5265082266910421,0.40625,0.7709984183311462
1.5283363802559415,0.6875,0.637188196182251
1.530164533820841,0.53125,0.6719366908073425
1.5319926873857403,0.65625,0.6525688171386719
1.5338208409506398,0.40625,0.7348486185073853
1.5356489945155394,0.46875,0.6843445897102356
1.5374771480804388,0.53125,0.6623498797416687
1.5393053016453382,0.53125,0.705843985080719
1.5411334552102378,0.53125,0.6761586666107178
1.542961608775137,0.59375,0.6578519344329834
1.5447897623400366,0.65625,0.6415325999259949
1.546617915904936,0.625,0.6747456789016724
1.5484460694698354,0.5,0.7072768807411194
1.550274223034735,0.40625,0.7102378606796265
1.5521023765996342,0.59375,0.6817309260368347
1.5539305301645339,0.46875,0.7070412039756775
1.5557586837294333,0.59375,0.6510580778121948
1.5575868372943327,0.6875,0.6518967151641846
1.5594149908592323,0.4375,0.6752912402153015
1.5612431444241315,0.5,0.6948721408843994
1.563071297989031,0.5,0.7012514472007751
1.5648994515539305,0.53125,0.6919851899147034
1.56672760511883,0.59375,0.6806467771530151
1.5685557586837295,0.5625,0.681004524230957
1.5703839122486287,0.75,0.6303550004959106
1.5722120658135283,0.53125,0.6627421379089355
1.5740402193784278,0.59375,0.6367918252944946
1.5758683729433272,0.625,0.6370912194252014
1.5776965265082268,0.65625,0.656649112701416
1.5795246800731262,0.46875,0.6975367665290833
1.5813528336380256,0.5625,0.7067018747329712
1.583180987202925,0.5625,0.69656902551651
1.5850091407678244,0.65625,0.6428444385528564
1.586837294332724,0.46875,0.6715844869613647
1.5886654478976234,0.71875,0.6695255041122437
1.5904936014625228,0.625,0.6651700139045715
1.5923217550274225,0.59375,0.6412516832351685
1.5941499085923216,0.625,0.6443686485290527
1.5959780621572213,0.5625,0.637597382068634
1.5978062157221207,0.75,0.6344581842422485
1.59963436928702,0.625,0.6341232061386108
1.6014625228519197,0.6875,0.6326935887336731
1.6032906764168189,0.625,0.7102243900299072
1.6051188299817185,0.53125,0.6869521737098694
1.606946983546618,0.625,0.6918044686317444
1.6087751371115173,0.4375,0.7298950552940369
1.610603290676417,0.4375,0.7905540466308594
1.6124314442413161,0.5,0.7237542867660522
1.6142595978062158,0.4375,0.6804559826850891
1.6160877513711152,0.59375,0.6558070778846741
1.6179159049360146,0.53125,0.661301851272583
1.6197440585009142,0.6875,0.5829084515571594
1.6215722120658134,0.6875,0.6732184886932373
1.623400365630713,0.6875,0.6186211109161377
1.6252285191956124,0.71875,0.6218635439872742
1.6270566727605118,0.53125,0.7340232729911804
1.6288848263254114,0.53125,0.6874315738677979
1.6307129798903108,0.5,0.6816017627716064
1.6325411334552102,0.59375,0.6886045336723328
1.6343692870201096,0.71875,0.5718172192573547
1.636197440585009,0.53125,0.6680248975753784
1.6380255941499087,0.71875,0.6126296520233154
1.639853747714808,0.5625,0.7168921828269958
1.6416819012797075,0.6875,0.6210104823112488
1.643510054844607,0.65625,0.6295252442359924
1.6453382084095063,0.71875,0.5891191959381104
1.647166361974406,0.6875,0.6464105248451233
1.6489945155393053,0.625,0.7191646099090576
1.6508226691042047,0.5,0.6822367906570435
1.6526508226691043,0.53125,0.7155357003211975
1.6544789762340035,0.5,0.717415988445282
1.6563071297989032,0.71875,0.5754773616790771
1.6581352833638026,0.5625,0.6871390342712402
1.659963436928702,0.6875,0.6064760684967041
1.6617915904936016,0.53125,0.6500638127326965
1.6636197440585008,0.65625,0.6691713333129883
1.6654478976234004,0.78125,0.6249271035194397
1.6672760511882998,0.5625,0.691764771938324
1.6691042047531992,0.65625,0.6644660234451294
1.6709323583180988,0.6875,0.6420623660087585
1.672760511882998,0.71875,0.586271345615387
1.6745886654478976,0.625,0.6997971534729004
1.676416819012797,0.53125,0.7006292343139648
1.6782449725776964,0.625,0.6364559531211853
1.680073126142596,0.5625,0.6766734719276428
1.6819012797074955,0.65625,0.6420698761940002
1.6837294332723949,0.59375,0.7114784717559814
1.6855575868372943,0.75,0.6036511659622192
1.6873857404021937,0.59375,0.6721553206443787
1.6892138939670933,0.53125,0.70201176404953
1.6910420475319927,0.5625,0.6486984491348267
1.6928702010968921,0.625,0.6495740413665771
1.6946983546617918,0.625,0.6768634915351868
1.696526508226691,0.5625,0.6727529168128967
1.6983546617915906,0.65625,0.6437491178512573
1.70018281535649,0.5625,0.680085301399231
1.7020109689213894,0.59375,0.6913381218910217
1.703839122486289,0.75,0.6240763664245605
1.7056672760511882,0.5625,0.6452820897102356
1.7074954296160878,0.53125,0.6715575456619263
1.7093235831809872,0.53125,0.637745201587677
1.7111517367458866,0.5625,0.673912763595581
1.7129798903107862,0.65625,0.6233077049255371
1.7148080438756854,0.5625,0.6989990472793579
1.716636197440585,0.6875,0.6001283526420593
1.7184643510054844,0.4375,0.780958354473114
1.7202925045703839,0.59375,0.66290283203125
1.7221206581352835,0.4375,0.7016761898994446
1.7239488117001827,0.59375,0.6482112407684326
1.7257769652650823,0.5,0.6883708834648132
1.7276051188299817,0.5,0.6900957822799683
1.729433272394881,0.5625,0.7427822351455688
1.7312614259597807,0.5625,0.6804714798927307
1.7330895795246801,0.65625,0.6166619062423706
1.7349177330895795,0.59375,0.6858735680580139
1.736745886654479,0.71875,0.6138491630554199
1.7385740402193783,0.65625,0.6562826037406921
1.740402193784278,0.65625,0.6296576857566833
1.7422303473491774,0.65625,0.6307544708251953
1.7440585009140768,0.71875,0.6340363025665283
1.7458866544789764,0.6875,0.6451590657234192
1.7477148080438756,0.71875,0.6301584839820862
1.7495429616087752,0.5625,0.6729598045349121
1.7513711151736746,0.53125,0.6980684995651245
1.753199268738574,0.71875,0.6192041039466858
1.7550274223034736,0.5,0.7139528393745422
1.7568555758683728,0.6875,0.6400901079177856
1.7586837294332724,0.625,0.6906691789627075
1.7605118829981719,0.5625,0.7158949971199036
1.7623400365630713,0.71875,0.6120746731758118
1.7641681901279709,0.59375,0.6577532291412354
1.76599634369287,0.59375,0.6730087995529175
1.7678244972577697,0.6875,0.6200185418128967
1.769652650822669,0.5,0.717457115650177
1.7714808043875685,0.625,0.6417558193206787
1.7733089579524681,0.625,0.658484697341919
1.7751371115173673,0.625,0.6793476343154907
1.776965265082267,0.4375,0.7324124574661255
1.7787934186471663,0.5625,0.6597089171409607
1.7806215722120657,0.65625,0.605110764503479
1.7824497257769654,0.65625,0.6234796047210693
1.7842778793418648,0.5,0.7306676506996155
1.7861060329067642,0.71875,0.5881667733192444
1.7879341864716636,0.65625,0.6331797242164612
1.789762340036563,0.78125,0.5844094157218933
1.7915904936014626,0.65625,0.605488121509552
1.793418647166362,0.65625,0.6394141316413879
1.7952468007312614,0.75,0.5883538126945496
1.797074954296161,0.65625,0.6590111255645752
1.7989031078610602,0.6875,0.6112414002418518
1.8007312614259599,0.59375,0.6305359601974487
1.8025594149908593,0.59375,0.6353623867034912
1.8043875685557587,0.65625,0.6284646987915039
1.8062157221206583,0.5,0.6900913119316101
1.8080438756855575,0.625,0.6363770365715027
1.809872029250457,0.46875,0.7064758539199829
1.8117001828153565,0.5625,0.7453303337097168
1.813528336380256,0.6875,0.6575082540512085
1.8153564899451555,0.75,0.5691907405853271
1.8171846435100547,0.6875,0.5703085064888
1.8190127970749543,0.625,0.6476343274116516
1.8208409506398537,0.71875,0.6201832890510559
1.8226691042047531,0.625,0.604567289352417
1.8244972577696528,0.6875,0.6142686605453491
1.826325411334552,0.4375,0.7413064241409302
1.8281535648994516,0.625,0.6554893255233765
1.829981718464351,0.46875,0.7390837669372559
1.8318098720292504,0.71875,0.6144251823425293
1.83363802559415,0.59375,0.6767855286598206
1.8354661791590492,0.59375,0.625733494758606
1.8372943327239488,0.53125,0.7008838057518005
1.8391224862888482,0.65625,0.641860842704773
1.8409506398537476,0.71875,0.6092427968978882
1.8427787934186473,0.6875,0.6346645355224609
1.8446069469835467,0.65625,0.6221565008163452
1.846435100548446,0.5625,0.6168810725212097
1.8482632541133455,0.6875,0.5924943685531616
1.8500914076782449,0.71875,0.6247268915176392
1.8519195612431445,0.75,0.5693257451057434
1.853747714808044,0.59375,0.6353198289871216
1.8555758683729433,0.65625,0.6128860116004944
1.857404021937843,0.59375,0.6618890166282654
1.8592321755027421,0.6875,0.6085651516914368
1.8610603290676417,0.6875,0.6310988068580627
1.8628884826325411,0.53125,0.68504399061203
1.8647166361974405,0.53125,0.7255733013153076
1.8665447897623402,0.4375,0.678640604019165
1.8683729433272394,0.59375,0.6778631806373596
1.870201096892139,0.59375,0.7037383317947388
1.8720292504570384,0.625,0.6586989760398865
1.8738574040219378,0.71875,0.5965983271598816
1.8756855575868374,0.6875,0.5996735095977783
1.8775137111517366,0.71875,0.614377498626709
1.8793418647166362,0.5,
1.8811700182815356,0.625,
1.882998171846435,0.625,
1.8848263254113347,0.34375,
1.8866544789762338,0.59375,
1.8884826325411335,0.40625,
1.8903107861060329,0.40625,
1.8921389396709323,0.5,
1.893967093235832,0.625,
1.8957952468007313,0.34375,
1.8976234003656307,0.625,
1.8994515539305301,0.5,
1.9012797074954295,0.59375,
1.9031078610603291,0.46875,
1.9049360146252285,0.625,
1.906764168190128,0.46875,
1.9085923217550276,0.59375,
1.9104204753199268,0.40625,
1.9122486288848264,0.46875,
1.9140767824497258,0.46875,
1.9159049360146252,0.5,
1.9177330895795248,0.40625,
1.919561243144424,0.46875,
1.9213893967093236,0.5625,
1.923217550274223,0.5625,
1.9250457038391224,0.5625,
1.926873857404022,0.53125,
1.9287020109689212,0.5,
1.9305301645338209,0.59375,
1.9323583180987203,0.34375,
1.9341864716636197,0.46875,
1.9360146252285193,0.34375,
1.9378427787934185,0.5625,
1.9396709323583181,0.46875,
1.9414990859232175,0.53125,
1.943327239488117,0.40625,
1.9451553930530165,0.59375,
1.946983546617916,0.59375,
1.9488117001828154,0.5625,
1.9506398537477148,0.375,
1.9524680073126142,0.6875,
1.9542961608775138,0.53125,
1.9561243144424132,0.5,
1.9579524680073126,0.59375,
1.9597806215722122,0.5,
1.9616087751371114,0.65625,
1.963436928702011,0.78125,
1.9652650822669104,0.5,
1.9670932358318098,0.4375,
1.9689213893967095,0.40625,
1.9707495429616086,0.34375,
1.9725776965265083,0.4375,
1.9744058500914077,0.5,
1.976234003656307,0.59375,
1.9780621572212067,0.4375,
1.979890310786106,0.5625,
1.9817184643510055,0.375,
1.983546617915905,0.71875,
1.9853747714808043,0.34375,
1.987202925045704,0.46875,
1.9890310786106031,0.46875,
1.9908592321755028,0.5,
1.9926873857404022,0.625,
1.9945155393053016,0.375,
1.9963436928702012,0.4375,
1.9981718464351006,0.375,
2.0,0.46875,
2.0018281535648996,0.53125,
2.003656307129799,0.53125,
2.0054844606946984,0.46875,
2.0073126142595976,0.5625,
2.0091407678244972,0.4375,
2.010968921389397,0.65625,
2.012797074954296,0.4375,
2.0146252285191957,0.34375,
2.016453382084095,0.40625,
2.0182815356489945,0.5,
2.020109689213894,0.40625,
2.0219378427787933,0.53125,
2.023765996343693,0.625,
2.025594149908592,0.4375,
2.0274223034734917,0.53125,
2.0292504570383914,0.53125,
2.0310786106032905,0.46875,
2.03290676416819,0.46875,
2.03473491773309,0.75,
2.036563071297989,0.5625,
2.0383912248628886,0.5625,
2.0402193784277878,0.34375,
2.0420475319926874,0.53125,
2.043875685557587,0.46875,
2.045703839122486,0.34375,
2.047531992687386,0.5,
2.049360146252285,0.34375,
2.0511882998171846,0.3125,
2.0530164533820843,0.46875,
2.0548446069469835,0.625,
2.056672760511883,0.5625,
2.0585009140767823,0.4375,
2.060329067641682,0.28125,
2.0621572212065815,0.40625,
2.0639853747714807,0.59375,
2.0658135283363803,0.34375,
2.0676416819012795,0.40625,
2.069469835466179,0.59375,
2.0712979890310788,0.5,
2.073126142595978,0.375,
2.0749542961608776,0.5625,
2.076782449725777,0.5,
2.0786106032906764,0.46875,
2.080438756855576,0.59375,
2.082266910420475,0.34375,
2.084095063985375,0.46875,
2.0859232175502744,0.625,
2.0877513711151736,0.4375,
2.0895795246800732,0.5,
2.0914076782449724,0.46875,
2.093235831809872,0.4375,
2.0950639853747717,0.625,
2.096892138939671,0.75,
2.0987202925045705,0.5,
2.1005484460694697,0.46875,
2.1023765996343693,0.4375,
2.104204753199269,0.59375,
2.106032906764168,0.625,
2.1078610603290677,0.40625,
2.109689213893967,0.59375,
2.1115173674588665,0.53125,
2.113345521023766,0.40625,
2.1151736745886653,0.5,
2.117001828153565,0.5,
2.118829981718464,0.375,
2.1206581352833638,0.40625,
2.1224862888482634,0.5,
2.1243144424131626,0.59375,
2.126142595978062,0.5625,
2.1279707495429614,0.46875,
2.129798903107861,0.5625,
2.1316270566727606,0.5625,
2.13345521023766,0.59375,
2.1352833638025595,0.53125,
2.137111517367459,0.34375,
2.1389396709323583,0.71875,
2.140767824497258,0.46875,
2.142595978062157,0.5625,
2.1444241316270567,0.53125,
2.1462522851919563,0.46875,
2.1480804387568555,0.65625,
2.149908592321755,0.4375,
2.1517367458866543,0.5,
2.153564899451554,0.4375,
2.1553930530164536,0.6875,
2.1572212065813527,0.625,
2.1590493601462524,0.5625,
2.1608775137111516,0.625,
2.162705667276051,0.53125,
2.164533820840951,0.4375,
2.16636197440585,0.46875,
2.1681901279707496,0.59375,
2.170018281535649,0.6875,
2.1718464351005484,0.5,
2.173674588665448,0.5625,
2.1755027422303472,0.5625,
2.177330895795247,0.53125,
2.1791590493601465,0.5625,
2.1809872029250457,0.375,
2.1828153564899453,0.40625,
2.1846435100548445,0.53125,
2.186471663619744,0.34375,
2.1882998171846433,0.40625,
2.190127970749543,0.59375,
2.1919561243144425,0.59375,
2.1937842778793417,0.40625,
2.1956124314442413,0.375,
2.197440585009141,0.5,
2.19926873857404,0.4375,
2.2010968921389398,0.59375,
2.202925045703839,0.4375,
2.2047531992687386,0.5,
2.206581352833638,0.5625,
2.2084095063985374,0.65625,
2.210237659963437,0.59375,
2.212065813528336,0.6875,
2.213893967093236,0.40625,
2.2157221206581355,0.40625,
2.2175502742230346,0.4375,
2.2193784277879343,0.5,
2.2212065813528334,0.53125,
2.223034734917733,0.40625,
2.2248628884826327,0.5625,
2.226691042047532,0.375,
2.2285191956124315,0.65625,
2.2303473491773307,0.625,
2.2321755027422303,0.4375,
2.23400365630713,0.53125,
2.235831809872029,0.5625,
2.2376599634369287,0.65625,
2.2394881170018284,0.65625,
2.2413162705667276,0.6875,
2.243144424131627,0.34375,
2.2449725776965264,0.53125,
2.246800731261426,0.53125,
2.2486288848263256,0.15625,
2.250457038391225,0.5,
2.2522851919561244,0.40625,
2.2541133455210236,0.5625,
2.2559414990859232,0.65625,
2.257769652650823,0.5,
2.259597806215722,0.46875,
2.2614259597806217,0.53125,
2.263254113345521,0.59375,
2.2650822669104205,0.59375,
2.26691042047532,0.625,
2.2687385740402193,0.65625,
2.270566727605119,0.5625,
2.272394881170018,0.40625,
2.2742230347349177,0.53125,
2.2760511882998173,0.4375,
2.2778793418647165,0.40625,
2.279707495429616,0.6875,
2.2815356489945158,0.59375,
2.283363802559415,0.53125,
2.2851919561243146,0.46875,
2.2870201096892138,0.34375,
2.2888482632541134,0.59375,
2.2906764168190126,0.5,
2.292504570383912,0.5625,
2.294332723948812,0.6875,
2.296160877513711,0.5,
2.2979890310786106,0.46875,
2.2998171846435103,0.625,
2.3016453382084094,0.5,
2.303473491773309,0.5,
2.3053016453382082,0.4375,
2.307129798903108,0.375,
2.3089579524680075,0.5,
2.3107861060329067,0.46875,
2.3126142595978063,0.375,
2.3144424131627055,0.5625,
2.316270566727605,0.4375,
2.3180987202925047,0.5625,
2.319926873857404,0.46875,
2.3217550274223036,0.46875,
2.3235831809872027,0.5625,
2.3254113345521024,0.46875,
2.327239488117002,0.71875,
2.329067641681901,0.625,
2.330895795246801,0.5,
2.3327239488117,0.5,
2.3345521023765996,0.46875,
2.3363802559414992,0.34375,
2.3382084095063984,0.5625,
2.340036563071298,0.5,
2.3418647166361977,0.59375,
2.343692870201097,0.4375,
2.3455210237659965,0.5,
2.3473491773308957,0.5,
2.3491773308957953,0.4375,
2.3510054844606945,0.5625,
2.352833638025594,0.5,
2.3546617915904937,0.21875,
2.356489945155393,0.5,
2.3583180987202925,0.53125,
2.360146252285192,0.46875,
2.3619744058500913,0.40625,
2.363802559414991,0.4375,
2.36563071297989,0.46875,
2.3674588665447898,0.5,
2.3692870201096894,0.53125,
2.3711151736745886,0.4375,
2.372943327239488,0.59375,
2.3747714808043874,0.46875,
2.376599634369287,0.5625,
2.3784277879341866,0.59375,
2.380255941499086,0.625,
2.3820840950639854,0.5,
2.383912248628885,0.53125,
2.3857404021937842,0.5625,
2.387568555758684,0.59375,
2.389396709323583,0.46875,
2.3912248628884827,0.5,
2.393053016453382,0.46875,
2.3948811700182815,0.28125,
2.396709323583181,0.5,
2.3985374771480803,0.53125,
2.40036563071298,0.53125,
2.4021937842778796,0.46875,
2.4040219378427787,0.5,
2.4058500914076784,0.5625,
2.4076782449725775,0.5,
2.409506398537477,0.46875,
2.411334552102377,0.40625,
2.413162705667276,0.5625,
2.4149908592321756,0.40625,
2.416819012797075,0.625,
2.4186471663619744,0.5,
2.420475319926874,0.53125,
2.422303473491773,0.65625,
2.424131627056673,0.5,
2.425959780621572,0.53125,
2.4277879341864717,0.4375,
2.4296160877513713,0.53125,
2.4314442413162705,0.375,
2.43327239488117,0.59375,
2.4351005484460693,0.53125,
2.436928702010969,0.5,
2.4387568555758685,0.46875,
2.4405850091407677,0.5625,
2.4424131627056673,0.46875,
2.444241316270567,0.375,
2.446069469835466,0.5,
2.4478976234003658,0.4375,
2.449725776965265,0.46875,
2.4515539305301646,0.5,
2.4533820840950638,0.6875,
2.4552102376599634,0.5,
2.457038391224863,0.5625,
2.458866544789762,0.40625,
2.460694698354662,0.40625,
2.4625228519195614,0.5625,
2.4643510054844606,0.5625,
2.4661791590493602,0.625,
2.4680073126142594,0.5,
2.469835466179159,0.5,
2.4716636197440587,0.4375,
2.473491773308958,0.40625,
2.4753199268738575,0.4375,
2.4771480804387567,0.40625,
2.4789762340036563,0.46875,
2.480804387568556,0.625,
2.482632541133455,0.5,
2.4844606946983547,0.59375,
2.4862888482632544,0.5,
2.4881170018281535,0.40625,
2.489945155393053,0.4375,
2.4917733089579523,0.40625,
2.493601462522852,0.5,
2.495429616087751,0.59375,
2.497257769652651,0.59375,
2.4990859232175504,0.5625,
2.5009140767824496,0.5625,
2.502742230347349,0.46875,
2.504570383912249,0.5625,
2.506398537477148,0.46875,
2.5082266910420477,0.4375,
2.510054844606947,0.625,
2.5118829981718465,0.5,
2.5137111517367456,0.46875,
2.5155393053016453,0.5625,
2.517367458866545,0.46875,
2.519195612431444,0.5625,
2.5210237659963437,0.625,
2.5228519195612433,0.40625,
2.5246800731261425,0.46875,
2.526508226691042,0.25,
2.5283363802559418,0.46875,
2.530164533820841,0.59375,
2.53199268738574,0.53125,
2.5338208409506398,0.40625,
2.5356489945155394,0.4375,
2.5374771480804386,0.375,
2.539305301645338,0.53125,
2.541133455210238,0.5,
2.542961608775137,0.375,
2.5447897623400366,0.46875,
2.5466179159049362,0.4375,
2.5484460694698354,0.5625,
2.550274223034735,0.5625,
2.5521023765996342,0.5,
2.553930530164534,0.4375,
2.555758683729433,0.53125,
2.5575868372943327,0.4375,
2.5594149908592323,0.53125,
2.5612431444241315,0.5625,
2.563071297989031,0.59375,
2.5648994515539307,0.46875,
2.56672760511883,0.3125,
2.5685557586837295,0.3125,
2.5703839122486287,0.4375,
2.5722120658135283,0.59375,
2.5740402193784275,0.375,
2.575868372943327,0.5625,
2.577696526508227,0.46875,
2.579524680073126,0.59375,
2.5813528336380256,0.5625,
2.583180987202925,0.40625,
2.5850091407678244,0.625,
2.586837294332724,0.25,
2.5886654478976237,0.625,
2.590493601462523,0.46875,
2.5923217550274225,0.5625,
2.5941499085923216,0.5625,
2.5959780621572213,0.34375,
2.5978062157221204,0.46875,
2.59963436928702,0.5,
2.6014625228519197,0.40625,
2.603290676416819,0.3125,
2.6051188299817185,0.5,
2.606946983546618,0.59375,
2.6087751371115173,0.59375,
2.610603290676417,0.53125,
2.612431444241316,0.34375,
2.6142595978062158,0.375,
2.616087751371115,0.5625,
2.6179159049360146,0.5,
2.619744058500914,0.53125,
2.6215722120658134,0.6875,
2.623400365630713,0.46875,
2.6252285191956126,0.4375,
2.627056672760512,0.625,
2.6288848263254114,0.53125,
2.630712979890311,0.5625,
2.6325411334552102,0.53125,
2.6343692870201094,0.375,
2.636197440585009,0.5625,
2.6380255941499087,0.34375,
2.639853747714808,0.625,
2.6416819012797075,0.53125,
2.643510054844607,0.4375,
2.6453382084095063,0.5625,
2.647166361974406,0.5625,
2.6489945155393055,0.53125,
2.6508226691042047,0.46875,
2.6526508226691043,0.375,
2.6544789762340035,0.40625,
2.656307129798903,0.40625,
2.6581352833638023,0.5,
2.659963436928702,0.46875,
2.6617915904936016,0.46875,
2.6636197440585008,0.46875,
2.6654478976234004,0.625,
2.6672760511883,0.5625,
2.669104204753199,0.3125,
2.670932358318099,0.53125,
2.672760511882998,0.71875,
2.6745886654478976,0.40625,
2.676416819012797,0.375,
2.6782449725776964,0.375,
2.680073126142596,0.46875,
2.6819012797074953,0.59375,
2.683729433272395,0.46875,
2.6855575868372945,0.6875,
2.6873857404021937,0.59375,
2.6892138939670933,0.375,
2.691042047531993,0.71875,
2.692870201096892,0.5,
2.6946983546617918,0.40625,
2.696526508226691,0.4375,
2.6983546617915906,0.375,
2.7001828153564897,0.53125,
2.7020109689213894,0.3125,
2.703839122486289,0.3125,
2.705667276051188,0.5,
2.707495429616088,0.5,
2.7093235831809874,0.3125,
2.7111517367458866,0.4375,
2.7129798903107862,0.65625,
2.7148080438756854,0.46875,
2.716636197440585,0.5,
2.7184643510054842,0.65625,
2.720292504570384,0.4375,
2.7221206581352835,0.4375,
2.7239488117001827,0.40625,
2.7257769652650823,0.59375,
2.727605118829982,0.53125,
2.729433272394881,0.5,
2.7312614259597807,0.53125,
2.7330895795246803,0.625,
2.7349177330895795,0.5625,
2.7367458866544787,0.53125,
2.7385740402193783,0.4375,
2.740402193784278,0.5,
2.742230347349177,0.5,
2.7440585009140768,0.4375,
2.7458866544789764,0.5625,
2.7477148080438756,0.46875,
2.749542961608775,0.3125,
2.751371115173675,0.59375,
2.753199268738574,0.40625,
2.7550274223034736,0.4375,
2.756855575868373,0.40625,
2.7586837294332724,0.46875,
2.7605118829981716,0.40625,
2.7623400365630713,0.53125,
2.764168190127971,0.625,
2.76599634369287,0.59375,
2.7678244972577697,0.46875,
2.7696526508226693,0.46875,
2.7714808043875685,0.53125,
2.773308957952468,0.40625,
2.7751371115173673,0.53125,
2.776965265082267,0.34375,
2.778793418647166,0.46875,
2.7806215722120657,0.6875,
2.7824497257769654,0.4375,
2.7842778793418645,0.53125,
2.786106032906764,0.46875,
2.787934186471664,0.5625,
2.789762340036563,0.625,
2.7915904936014626,0.3125,
2.7934186471663622,0.5625,
2.7952468007312614,0.46875,
2.797074954296161,0.46875,
2.7989031078610602,0.5625,
2.80073126142596,0.46875,
2.802559414990859,0.375,
2.8043875685557587,0.625,
2.8062157221206583,0.5625,
2.8080438756855575,0.53125,
2.809872029250457,0.53125,
2.8117001828153567,0.5625,
2.813528336380256,0.34375,
2.8153564899451555,0.59375,
2.8171846435100547,0.5,
2.8190127970749543,0.5625,
2.8208409506398535,0.65625,
2.822669104204753,0.4375,
2.8244972577696528,0.5625,
2.826325411334552,0.4375,
2.8281535648994516,0.5,
2.829981718464351,0.5625,
2.8318098720292504,0.3125,
2.83363802559415,0.59375,
2.835466179159049,0.375,
2.837294332723949,0.5,
2.839122486288848,0.5625,
2.8409506398537476,0.46875,
2.8427787934186473,0.59375,
2.8446069469835464,0.65625,
2.846435100548446,0.46875,
2.8482632541133457,0.375,
2.850091407678245,0.5,
2.8519195612431445,0.40625,
2.853747714808044,0.5,
2.8555758683729433,0.53125,
2.857404021937843,0.5,
2.859232175502742,0.59375,
2.8610603290676417,0.65625,
2.862888482632541,0.375,
2.8647166361974405,0.3125,
2.86654478976234,0.40625,
2.8683729433272394,0.53125,
2.870201096892139,0.3125,
2.8720292504570386,0.34375,
2.873857404021938,0.5625,
2.8756855575868374,0.46875,
2.8775137111517366,0.25,
2.8793418647166362,0.53125,
2.8811700182815354,0.5,
2.882998171846435,0.34375,
2.8848263254113347,0.46875,
2.886654478976234,0.3125,
2.8884826325411335,0.53125,
2.890310786106033,0.59375,
2.8921389396709323,0.40625,
2.893967093235832,0.65625,
2.8957952468007315,0.46875,
2.8976234003656307,0.53125,
2.89945155393053,0.59375,
2.9012797074954295,0.625,
2.903107861060329,0.34375,
2.9049360146252283,0.375,
2.906764168190128,0.5625,
2.9085923217550276,0.40625,
2.9104204753199268,0.46875,
2.9122486288848264,0.5625,
2.914076782449726,0.5625,
2.915904936014625,0.6875,
2.917733089579525,0.40625,
2.919561243144424,0.53125,
2.9213893967093236,0.625,
2.923217550274223,0.4375,
2.9250457038391224,0.625,
2.926873857404022,0.5,
2.9287020109689212,0.34375,
2.930530164533821,0.375,
2.9323583180987205,0.53125,
2.9341864716636197,0.375,
2.9360146252285193,0.6875,
2.9378427787934185,0.53125,
2.939670932358318,0.5625,
2.9414990859232173,0.46875,
2.943327239488117,0.53125,
2.9451553930530165,0.5625,
2.9469835466179157,0.40625,
2.9488117001828154,0.46875,
2.950639853747715,0.40625,
2.952468007312614,0.46875,
2.954296160877514,0.4375,
2.9561243144424134,0.46875,
2.9579524680073126,0.59375,
2.9597806215722122,0.5,
2.9616087751371114,0.53125,
2.963436928702011,0.5,
2.96526508226691,0.53125,
2.96709323583181,0.5,
2.9689213893967095,0.53125,
2.9707495429616086,0.46875,
2.9725776965265083,0.53125,
2.974405850091408,0.46875,
2.976234003656307,0.4375,
2.9780621572212067,0.40625,
2.979890310786106,0.4375,
2.9817184643510055,0.5625,
2.9835466179159047,0.40625,
2.9853747714808043,0.5625,
2.987202925045704,0.53125,
2.989031078610603,0.59375,
2.9908592321755028,0.65625,
2.9926873857404024,0.4375,
2.9945155393053016,0.59375,
2.996343692870201,0.65625,
2.998171846435101,0.5625,
3.0,0.5,
3.0018281535648996,0.375,
3.003656307129799,0.5,
3.0054844606946984,0.5625,
3.0073126142595976,0.4375,
3.0091407678244972,0.53125,
3.010968921389397,0.53125,
3.012797074954296,0.4375,
3.0146252285191957,0.53125,
3.016453382084095,0.46875,
3.0182815356489945,0.34375,
3.020109689213894,0.625,
3.0219378427787933,0.4375,
3.023765996343693,0.5625,
3.025594149908592,0.40625,
3.0274223034734917,0.34375,
3.0292504570383914,0.5,
3.0310786106032905,0.4375,
3.03290676416819,0.34375,
3.03473491773309,0.375,
3.036563071297989,0.46875,
3.0383912248628886,0.625,
3.0402193784277878,0.5625,
3.0420475319926874,0.46875,
3.043875685557587,0.5625,
3.045703839122486,0.34375,
3.047531992687386,0.5625,
3.049360146252285,0.75,
3.0511882998171846,0.46875,
3.0530164533820843,0.625,
3.0548446069469835,0.375,
3.056672760511883,0.65625,
3.0585009140767823,0.25,
3.060329067641682,0.65625,
3.0621572212065815,0.65625,
3.0639853747714807,0.4375,
3.0658135283363803,0.40625,
3.0676416819012795,0.46875,
3.069469835466179,0.5625,
3.0712979890310788,0.46875,
3.073126142595978,0.375,
3.0749542961608776,0.34375,
3.076782449725777,0.46875,
3.0786106032906764,0.4375,
3.080438756855576,0.4375,
3.082266910420475,0.40625,
3.084095063985375,0.53125,
3.0859232175502744,0.65625,
3.0877513711151736,0.59375,
3.0895795246800732,0.5625,
3.0914076782449724,0.53125,
3.093235831809872,0.375,
3.0950639853747717,0.5625,
3.096892138939671,0.5,
3.0987202925045705,0.53125,
3.1005484460694697,0.46875,
3.1023765996343693,0.40625,
3.104204753199269,0.53125,
3.106032906764168,0.46875,
3.1078610603290677,0.40625,
3.109689213893967,0.4375,
3.1115173674588665,0.65625,
3.113345521023766,0.4375,
3.1151736745886653,0.34375,
3.117001828153565,0.46875,
3.118829981718464,0.71875,
3.1206581352833638,0.65625,
3.1224862888482634,0.5,
3.1243144424131626,0.40625,
3.126142595978062,0.625,
3.1279707495429614,0.6875,
3.129798903107861,0.4375,
3.1316270566727606,0.5,
3.13345521023766,0.40625,
3.1352833638025595,0.375,
3.137111517367459,0.59375,
3.1389396709323583,0.5,
3.140767824497258,0.59375,
3.142595978062157,0.5625,
3.1444241316270567,0.53125,
3.1462522851919563,0.53125,
3.1480804387568555,0.59375,
3.149908592321755,0.46875,
3.1517367458866543,0.40625,
3.153564899451554,0.46875,
3.1553930530164536,0.5625,
3.1572212065813527,0.5625,
3.1590493601462524,0.53125,
3.1608775137111516,0.53125,
3.162705667276051,0.25,
3.164533820840951,0.5625,
3.16636197440585,0.46875,
3.1681901279707496,0.5625,
3.170018281535649,0.375,
3.1718464351005484,0.4375,
3.173674588665448,0.375,
3.1755027422303472,0.5,
3.177330895795247,0.40625,
3.1791590493601465,0.5,
3.1809872029250457,0.375,
3.1828153564899453,0.59375,
3.1846435100548445,0.59375,
3.186471663619744,0.46875,
3.1882998171846433,0.53125,
3.190127970749543,0.4375,
3.1919561243144425,0.5,
3.1937842778793417,0.40625,
3.1956124314442413,0.5,
3.197440585009141,0.53125,
3.19926873857404,0.40625,
3.2010968921389398,0.53125,
3.202925045703839,0.46875,
3.2047531992687386,0.5,
3.206581352833638,0.46875,
3.2084095063985374,0.34375,
3.210237659963437,0.53125,
3.212065813528336,0.46875,
3.213893967093236,0.59375,
3.2157221206581355,0.4375,
3.2175502742230346,0.5625,
3.2193784277879343,0.53125,
3.2212065813528334,0.4375,
3.223034734917733,0.6875,
3.2248628884826327,0.5,
3.226691042047532,0.59375,
3.2285191956124315,0.625,
3.2303473491773307,0.4375,
3.2321755027422303,0.40625,
3.23400365630713,0.4375,
3.235831809872029,0.5,
3.2376599634369287,0.53125,
3.2394881170018284,0.53125,
3.2413162705667276,0.40625,
3.243144424131627,0.25,
3.2449725776965264,0.5,
3.246800731261426,0.65625,
3.2486288848263256,0.4375,
3.250457038391225,0.53125,
3.2522851919561244,0.5,
3.2541133455210236,0.53125,
3.2559414990859232,0.40625,
3.257769652650823,0.46875,
3.259597806215722,0.5625,
3.2614259597806217,0.25,
3.263254113345521,0.3125,
3.2650822669104205,0.53125,
3.26691042047532,0.53125,
3.2687385740402193,0.53125,
3.270566727605119,0.5625,
3.272394881170018,0.59375,
3.2742230347349177,0.5,
3.2760511882998173,0.53125,
3.2778793418647165,0.375,
3.279707495429616,0.5,
3.2815356489945158,0.65625,
3.283363802559415,0.625,
3.2851919561243146,0.5,
3.2870201096892138,0.5,
3.2888482632541134,0.53125,
3.2906764168190126,0.40625,
3.292504570383912,0.625,
3.294332723948812,0.5,
3.296160877513711,0.5,
3.2979890310786106,0.34375,
3.2998171846435103,0.40625,
3.3016453382084094,0.34375,
3.303473491773309,0.53125,
3.3053016453382082,0.625,
3.307129798903108,0.5,
3.3089579524680075,0.53125,
3.3107861060329067,0.53125,
3.3126142595978063,0.65625,
3.3144424131627055,0.53125,
3.316270566727605,0.59375,
3.3180987202925047,0.5625,
3.319926873857404,0.5625,
3.3217550274223036,0.5,
3.3235831809872027,0.59375,
3.3254113345521024,0.4375,
3.327239488117002,0.46875,
3.329067641681901,0.4375,
3.330895795246801,0.34375,
3.3327239488117,0.5625,
3.3345521023765996,0.40625,
3.3363802559414992,0.5,
3.3382084095063984,0.53125,
3.340036563071298,0.4375,
3.3418647166361977,0.46875,
3.343692870201097,0.5625,
3.3455210237659965,0.75,
3.3473491773308957,0.40625,
3.3491773308957953,0.46875,
3.3510054844606945,0.40625,
3.352833638025594,0.5625,
3.3546617915904937,0.34375,
3.356489945155393,0.5625,
3.3583180987202925,0.53125,
3.360146252285192,0.46875,
3.3619744058500913,0.53125,
3.363802559414991,0.34375,
3.36563071297989,0.4375,
3.3674588665447898,0.6875,
3.3692870201096894,0.5625,
3.3711151736745886,0.46875,
3.372943327239488,0.65625,
3.3747714808043874,0.53125,
3.376599634369287,0.5625,
3.3784277879341866,0.625,
3.380255941499086,0.625,
3.3820840950639854,0.46875,
3.383912248628885,0.625,
3.3857404021937842,0.5625,
3.387568555758684,0.4375,
3.389396709323583,0.46875,
3.3912248628884827,0.4375,
3.393053016453382,0.46875,
3.3948811700182815,0.40625,
3.396709323583181,0.4375,
3.3985374771480803,0.46875,
3.40036563071298,0.5,
3.4021937842778796,0.5,
3.4040219378427787,0.46875,
3.4058500914076784,0.40625,
3.4076782449725775,0.4375,
3.409506398537477,0.65625,
3.411334552102377,0.4375,
3.413162705667276,0.34375,
3.4149908592321756,0.71875,
3.416819012797075,0.53125,
3.4186471663619744,0.5625,
3.420475319926874,0.40625,
3.422303473491773,0.4375,
3.424131627056673,0.375,
3.425959780621572,0.625,
3.4277879341864717,0.59375,
3.4296160877513713,0.5,
3.4314442413162705,0.4375,
3.43327239488117,0.65625,
3.4351005484460693,0.28125,
3.436928702010969,0.4375,
3.4387568555758685,0.71875,
3.4405850091407677,0.375,
3.4424131627056673,0.53125,
3.444241316270567,0.375,
3.446069469835466,0.4375,
3.4478976234003658,0.5625,
3.449725776965265,0.40625,
3.4515539305301646,0.59375,
3.4533820840950638,0.46875,
3.4552102376599634,0.5,
3.457038391224863,0.625,
3.458866544789762,0.53125,
3.460694698354662,0.625,
3.4625228519195614,0.625,
3.4643510054844606,0.53125,
3.4661791590493602,0.40625,
3.4680073126142594,0.53125,
3.469835466179159,0.46875,
3.4716636197440587,0.40625,
3.473491773308958,0.59375,
3.4753199268738575,0.5,
3.4771480804387567,0.53125,
3.4789762340036563,0.53125,
3.480804387568556,0.375,
3.482632541133455,0.46875,
3.4844606946983547,0.65625,
3.4862888482632544,0.46875,
3.4881170018281535,0.46875,
3.489945155393053,0.375,
3.4917733089579523,0.53125,
3.493601462522852,0.46875,
3.495429616087751,0.40625,
3.497257769652651,0.5,
3.4990859232175504,0.4375,
3.5009140767824496,0.53125,
3.502742230347349,0.46875,
3.504570383912249,0.46875,
3.506398537477148,0.4375,
3.5082266910420477,0.46875,
3.510054844606947,0.375,
3.5118829981718465,0.59375,
3.5137111517367456,0.53125,
3.5155393053016453,0.4375,
3.517367458866545,0.5625,
3.519195612431444,0.5,
3.5210237659963437,0.625,
3.5228519195612433,0.375,
3.5246800731261425,0.40625,
3.526508226691042,0.53125,
3.5283363802559418,0.5625,
3.530164533820841,0.5,
3.53199268738574,0.5,
3.5338208409506398,0.59375,
3.5356489945155394,0.3125,
3.5374771480804386,0.5625,
3.539305301645338,0.4375,
3.541133455210238,0.5625,
3.542961608775137,0.4375,
3.5447897623400366,0.59375,
3.5466179159049362,0.4375,
3.5484460694698354,0.5,
3.550274223034735,0.40625,
3.5521023765996342,0.34375,
3.553930530164534,0.375,
3.555758683729433,0.4375,
3.5575868372943327,0.5,
3.5594149908592323,0.5625,
3.5612431444241315,0.40625,
3.563071297989031,0.5,
3.5648994515539307,0.46875,
3.56672760511883,0.65625,
3.5685557586837295,0.5625,
3.5703839122486287,0.4375,
3.5722120658135283,0.4375,
3.5740402193784275,0.59375,
3.575868372943327,0.375,
3.577696526508227,0.375,
3.579524680073126,0.4375,
3.5813528336380256,0.46875,
3.583180987202925,0.59375,
3.5850091407678244,0.5625,
3.586837294332724,0.40625,
3.5886654478976237,0.65625,
3.590493601462523,0.375,
3.5923217550274225,0.625,
3.5941499085923216,0.46875,
3.5959780621572213,0.25,
3.5978062157221204,0.5,
3.59963436928702,0.375,
3.6014625228519197,0.5,
3.603290676416819,0.65625,
3.6051188299817185,0.46875,
3.606946983546618,0.53125,
3.6087751371115173,0.375,
3.610603290676417,0.53125,
3.612431444241316,0.5625,
3.6142595978062158,0.5,
3.616087751371115,0.5625,
3.6179159049360146,0.5,
3.619744058500914,0.3125,
3.6215722120658134,0.375,
3.623400365630713,0.5,
3.6252285191956126,0.5625,
3.627056672760512,0.625,
3.6288848263254114,0.59375,
3.630712979890311,0.46875,
3.6325411334552102,0.53125,
3.6343692870201094,0.5625,
3.636197440585009,0.46875,
3.6380255941499087,0.53125,
3.639853747714808,0.5,
3.6416819012797075,0.5,
3.643510054844607,0.71875,
3.6453382084095063,0.53125,
3.647166361974406,0.5,
3.6489945155393055,0.4375,
3.6508226691042047,0.46875,
3.6526508226691043,0.40625,
3.6544789762340035,0.34375,
3.656307129798903,0.625,
3.6581352833638023,0.5625,
3.659963436928702,0.4375,
3.6617915904936016,0.4375,
3.6636197440585008,0.4375,
3.6654478976234004,0.4375,
3.6672760511883,0.59375,
3.669104204753199,0.4375,
3.670932358318099,0.53125,
3.672760511882998,0.375,
3.6745886654478976,0.5625,
3.676416819012797,0.4375,
3.6782449725776964,0.71875,
3.680073126142596,0.5,
3.6819012797074953,0.5625,
3.683729433272395,0.46875,
3.6855575868372945,0.46875,
3.6873857404021937,0.5,
3.6892138939670933,0.625,
3.691042047531993,0.5625,
3.692870201096892,0.53125,
3.6946983546617918,0.34375,
3.696526508226691,0.375,
3.6983546617915906,0.53125,
3.7001828153564897,0.375,
3.7020109689213894,0.5,
3.703839122486289,0.375,
3.705667276051188,0.6875,
3.707495429616088,0.53125,
3.7093235831809874,0.5625,
3.7111517367458866,0.625,
3.7129798903107862,0.5,
3.7148080438756854,0.46875,
3.716636197440585,0.375,
3.7184643510054842,0.59375,
3.720292504570384,0.40625,
3.7221206581352835,0.6875,
3.7239488117001827,0.46875,
3.7257769652650823,0.59375,
3.727605118829982,0.5,
3.729433272394881,0.375,
3.7312614259597807,0.40625,
3.7330895795246803,0.625,
3.7349177330895795,0.5,
3.7367458866544787,0.5,
3.7385740402193783,0.46875,
3.740402193784278,0.5,
3.742230347349177,0.40625,
3.7440585009140768,0.625,
3.7458866544789764,0.46875,
3.7477148080438756,0.375,
3.749542961608775,0.4375,
3.751371115173675,0.40625,
3.753199268738574,0.34375,
3.7550274223034736,0.6875,
3.756855575868373,0.40625,
3.7586837294332724,0.65625,
3.7605118829981716,0.5,
3.7623400365630713,0.5,
3.764168190127971,0.46875,
3.76599634369287,0.5,
3.7678244972577697,0.71875,
3.7696526508226693,0.4375,
3.7714808043875685,0.5,
3.773308957952468,0.40625,
3.7751371115173673,0.46875,
3.776965265082267,0.40625,
3.778793418647166,0.375,
3.7806215722120657,0.625,
3.7824497257769654,0.4375,
3.7842778793418645,0.5625,
3.786106032906764,0.40625,
3.787934186471664,0.40625,
3.789762340036563,0.65625,
3.7915904936014626,0.375,
3.7934186471663622,0.46875,
3.7952468007312614,0.625,
3.797074954296161,0.6875,
3.7989031078610602,0.5625,
3.80073126142596,0.59375,
3.802559414990859,0.5,
3.8043875685557587,0.5,
3.8062157221206583,0.625,
3.8080438756855575,0.53125,
3.809872029250457,0.3125,
3.8117001828153567,0.5625,
3.813528336380256,0.5625,
3.8153564899451555,0.4375,
3.8171846435100547,0.625,
3.8190127970749543,0.5,
3.8208409506398535,0.5,
3.822669104204753,0.4375,
3.8244972577696528,0.46875,
3.826325411334552,0.59375,
3.8281535648994516,0.46875,
3.829981718464351,0.625,
3.8318098720292504,0.6875,
3.83363802559415,0.40625,
3.835466179159049,0.4375,
3.837294332723949,0.53125,
3.839122486288848,0.53125,
3.8409506398537476,0.59375,
3.8427787934186473,0.375,
3.8446069469835464,0.4375,
3.846435100548446,0.375,
3.8482632541133457,0.5625,
3.850091407678245,0.4375,
3.8519195612431445,0.5,
3.853747714808044,0.59375,
3.8555758683729433,0.59375,
3.857404021937843,0.5,
3.859232175502742,0.5,
3.8610603290676417,0.46875,
3.862888482632541,0.34375,
3.8647166361974405,0.53125,
3.86654478976234,0.40625,
3.8683729433272394,0.40625,
3.870201096892139,0.3125,
3.8720292504570386,0.375,
3.873857404021938,0.5,
3.8756855575868374,0.46875,
3.8775137111517366,0.40625,
3.8793418647166362,0.53125,
3.8811700182815354,0.4375,
3.882998171846435,0.53125,
3.8848263254113347,0.625,
3.886654478976234,0.46875,
3.8884826325411335,0.40625,
3.890310786106033,0.4375,
3.8921389396709323,0.5625,
3.893967093235832,0.625,
3.8957952468007315,0.5,
3.8976234003656307,0.53125,
3.89945155393053,0.625,
3.9012797074954295,0.59375,
3.903107861060329,0.46875,
3.9049360146252283,0.4375,
3.906764168190128,0.625,
3.9085923217550276,0.53125,
3.9104204753199268,0.4375,
3.9122486288848264,0.5625,
3.914076782449726,0.625,
3.915904936014625,0.59375,
3.917733089579525,0.5625,
3.919561243144424,0.46875,
3.9213893967093236,0.46875,
3.923217550274223,0.4375,
3.9250457038391224,0.5,
3.926873857404022,0.375,
3.9287020109689212,0.40625,
3.930530164533821,0.46875,
3.9323583180987205,0.75,
3.9341864716636197,0.65625,
3.9360146252285193,0.4375,
3.9378427787934185,0.5,
3.939670932358318,0.625,
3.9414990859232173,0.46875,
3.943327239488117,0.5,
3.9451553930530165,0.59375,
3.9469835466179157,0.4375,
3.9488117001828154,0.5,
3.950639853747715,0.535714328289032,
3.952468007312614,0.46875,
3.954296160877514,0.375,
3.9561243144424134,0.59375,
3.9579524680073126,0.4375,
3.9597806215722122,0.5625,
3.9616087751371114,0.5625,
3.963436928702011,0.5625,
3.96526508226691,0.28125,
3.96709323583181,0.4375,
3.9689213893967095,0.34375,
3.9707495429616086,0.71875,
3.9725776965265083,0.59375,
3.974405850091408,0.28125,
3.976234003656307,0.59375,
3.9780621572212067,0.375,
3.979890310786106,0.5,
3.9817184643510055,0.4375,
3.9835466179159047,0.5625,
3.9853747714808043,0.5,
3.987202925045704,0.53125,
3.989031078610603,0.65625,
3.9908592321755028,0.40625,
3.9926873857404024,0.5,
3.9945155393053016,0.40625,
3.996343692870201,0.46875,
3.998171846435101,0.375,
4.0,0.5,
4.001828153564899,0.625,
4.003656307129799,0.53125,
4.005484460694698,0.5,
4.007312614259598,0.5625,
4.009140767824498,0.65625,
4.010968921389397,0.5625,
4.012797074954296,0.53125,
4.014625228519195,0.46875,
4.016453382084095,0.46875,
4.0182815356489945,0.53125,
4.020109689213894,0.625,
4.021937842778794,0.46875,
4.023765996343693,0.53125,
4.025594149908592,0.59375,
4.027422303473492,0.375,
4.029250457038391,0.46875,
4.0310786106032905,0.65625,
4.03290676416819,0.46875,
4.03473491773309,0.625,
4.036563071297989,0.5625,
4.038391224862888,0.4375,
4.040219378427788,0.5625,
4.042047531992687,0.46875,
4.043875685557587,0.46875,
4.045703839122487,0.375,
4.047531992687386,0.40625,
4.049360146252285,0.59375,
4.051188299817184,0.4375,
4.053016453382084,0.4375,
4.0548446069469835,0.65625,
4.056672760511883,0.46875,
4.058500914076783,0.5625,
4.060329067641682,0.4375,
4.062157221206581,0.53125,
4.063985374771481,0.5625,
4.06581352833638,0.4375,
4.0676416819012795,0.4375,
4.06946983546618,0.625,
4.071297989031079,0.59375,
4.073126142595978,0.4375,
4.074954296160877,0.46875,
4.076782449725777,0.3125,
4.078610603290676,0.5,
4.0804387568555756,0.5,
4.082266910420476,0.4375,
4.084095063985375,0.5,
4.085923217550274,0.59375,
4.087751371115174,0.53125,
4.089579524680073,0.4375,
4.091407678244972,0.53125,
4.093235831809872,0.53125,
4.095063985374772,0.5625,
4.096892138939671,0.46875,
4.09872029250457,0.5,
4.10054844606947,0.46875,
4.102376599634369,0.53125,
4.1042047531992685,0.46875,
4.1060329067641685,0.40625,
4.107861060329068,0.625,
4.109689213893967,0.5625,
4.111517367458867,0.40625,
4.113345521023766,0.59375,
4.115173674588665,0.40625,
4.1170018281535645,0.5,
4.118829981718465,0.40625,
4.120658135283364,0.53125,
4.122486288848263,0.4375,
4.124314442413163,0.5,
4.126142595978062,0.53125,
4.127970749542961,0.5625,
4.1297989031078615,0.5625,
4.131627056672761,0.59375,
4.13345521023766,0.6875,
4.135283363802559,0.5,
4.137111517367459,0.59375,
4.138939670932358,0.40625,
4.140767824497257,0.34375,
4.1425959780621575,0.53125,
4.144424131627057,0.59375,
4.146252285191956,0.53125,
4.148080438756856,0.5,
4.149908592321755,0.4375,
4.151736745886654,0.4375,
4.153564899451554,0.625,
4.155393053016454,0.53125,
4.157221206581353,0.4375,
4.159049360146252,0.5625,
4.160877513711152,0.5625,
4.162705667276051,0.5625,
4.16453382084095,0.5625,
4.16636197440585,0.5,
4.16819012797075,0.625,
4.170018281535649,0.53125,
4.171846435100549,0.53125,
4.173674588665448,0.46875,
4.175502742230347,0.40625,
4.177330895795246,0.375,
4.1791590493601465,0.5,
4.180987202925046,0.65625,
4.182815356489945,0.4375,
4.184643510054845,0.46875,
4.186471663619744,0.59375,
4.188299817184643,0.5625,
4.190127970749543,0.6875,
4.1919561243144425,0.625,
4.193784277879342,0.5,
4.195612431444241,0.59375,
4.197440585009141,0.53125,
4.19926873857404,0.5,
4.201096892138939,0.625,
4.202925045703839,0.46875,
4.204753199268739,0.5,
4.206581352833638,0.40625,
4.208409506398538,0.5625,
4.210237659963437,0.625,
4.212065813528336,0.34375,
4.213893967093236,0.46875,
4.2157221206581355,0.375,
4.217550274223035,0.59375,
4.219378427787934,0.46875,
4.221206581352834,0.53125,
4.223034734917733,0.5625,
4.224862888482632,0.53125,
4.226691042047532,0.34375,
4.2285191956124315,0.75,
4.230347349177331,0.40625,
4.232175502742231,0.65625,
4.23400365630713,0.53125,
4.235831809872029,0.5625,
4.237659963436928,0.5,
4.239488117001828,0.4375,
4.2413162705667276,0.5,
4.243144424131627,0.40625,
4.244972577696527,0.5,
4.246800731261426,0.53125,
4.248628884826325,0.5,
4.250457038391225,0.4375,
4.252285191956124,0.5,
4.254113345521024,0.46875,
4.255941499085923,0.53125,
4.257769652650823,0.625,
4.259597806215722,0.59375,
4.261425959780621,0.65625,
4.263254113345521,0.375,
4.2650822669104205,0.40625,
4.26691042047532,0.59375,
4.26873857404022,0.65625,
4.270566727605119,0.53125,
4.272394881170018,0.625,
4.274223034734918,0.40625,
4.276051188299817,0.53125,
4.2778793418647165,0.71875,
4.279707495429616,0.5625,
4.281535648994516,0.46875,
4.283363802559415,0.375,
4.285191956124314,0.40625,
4.287020109689214,0.375,
4.288848263254113,0.59375,
4.290676416819013,0.375,
4.292504570383913,0.46875,
4.294332723948812,0.46875,
4.296160877513711,0.375,
4.29798903107861,0.5625,
4.29981718464351,0.4375,
4.301645338208409,0.65625,
4.303473491773309,0.5625,
4.305301645338209,0.375,
4.307129798903108,0.5,
4.308957952468007,0.59375,
4.310786106032907,0.375,
4.312614259597806,0.53125,
4.3144424131627055,0.46875,
4.316270566727605,0.59375,
4.318098720292505,0.5,
4.319926873857404,0.5625,
4.321755027422303,0.5,
4.323583180987203,0.46875,
4.325411334552102,0.40625,
4.3272394881170015,0.375,
4.329067641681902,0.5,
4.330895795246801,0.46875,
4.3327239488117,0.59375,
4.3345521023766,0.40625,
4.336380255941499,0.59375,
4.338208409506398,0.5625,
4.340036563071298,0.5625,
4.341864716636198,0.40625,
4.343692870201097,0.375,
4.345521023765996,0.71875,
4.347349177330896,0.40625,
4.349177330895795,0.53125,
4.3510054844606945,0.59375,
4.3528336380255945,0.5,
4.354661791590494,0.5625,
4.356489945155393,0.5625,
4.358318098720293,0.40625,
4.360146252285192,0.5,
4.361974405850091,0.4375,
4.3638025594149905,0.59375,
4.365630712979891,0.3125,
4.36745886654479,0.59375,
4.369287020109689,0.59375,
4.371115173674589,0.53125,
4.372943327239488,0.375,
4.374771480804387,0.5625,
4.376599634369287,0.65625,
4.378427787934187,0.3125,
4.380255941499086,0.59375,
4.382084095063985,0.40625,
4.383912248628885,0.5625,
4.385740402193784,0.5,
4.387568555758683,0.65625,
4.3893967093235835,0.59375,
4.391224862888483,0.625,
4.393053016453382,0.75,
4.394881170018282,0.375,
4.396709323583181,0.4375,
4.39853747714808,0.40625,
4.4003656307129795,0.40625,
4.4021937842778796,0.46875,
4.404021937842779,0.5,
4.405850091407678,0.4375,
4.407678244972578,0.4375,
4.409506398537477,0.5,
4.411334552102376,0.4375,
4.413162705667276,0.375,
4.414990859232176,0.5,
4.416819012797075,0.59375,
4.418647166361975,0.6875,
4.420475319926874,0.25,
4.422303473491773,0.3125,
4.424131627056672,0.3125,
4.4259597806215725,0.40625,
4.427787934186472,0.65625,
4.429616087751371,0.5,
4.431444241316271,0.65625,
4.43327239488117,0.28125,
4.435100548446069,0.6875,
4.4369287020109685,0.46875,
4.4387568555758685,0.65625,
4.440585009140768,0.4375,
4.442413162705667,0.59375,
4.444241316270567,0.6875,
4.446069469835466,0.5625,
4.447897623400365,0.40625,
4.449725776965265,0.46875,
4.451553930530165,0.4375,
4.453382084095064,0.46875,
4.455210237659964,0.53125,
4.457038391224863,0.59375,
4.458866544789762,0.5625,
4.460694698354661,0.625,
4.462522851919561,0.5625,
4.464351005484461,0.375,
4.46617915904936,0.5625,
4.46800731261426,0.53125,
4.469835466179159,0.65625,
4.471663619744058,0.46875,
4.473491773308958,0.53125,
4.4753199268738575,0.46875,
4.477148080438757,0.46875,
4.478976234003657,0.4375,
4.480804387568556,0.59375,
4.482632541133455,0.53125,
4.484460694698354,0.40625,
4.486288848263254,0.53125,
4.4881170018281535,0.34375,
4.489945155393053,0.5625,
4.491773308957953,0.53125,
4.493601462522852,0.5625,
4.495429616087751,0.6875,
4.497257769652651,0.46875,
4.49908592321755,0.375,
4.50091407678245,0.34375,
4.50274223034735,0.46875,
4.504570383912249,0.5,
4.506398537477148,0.5,
4.508226691042047,0.34375,
4.510054844606947,0.375,
4.5118829981718465,0.5625,
4.513711151736746,0.46875,
4.515539305301646,0.4375,
4.517367458866545,0.5625,
4.519195612431444,0.5625,
4.521023765996343,0.40625,
4.522851919561243,0.5,
4.5246800731261425,0.375,
4.526508226691042,0.53125,
4.528336380255942,0.59375,
4.530164533820841,0.46875,
4.53199268738574,0.6875,
4.53382084095064,0.5625,
4.535648994515539,0.5625,
4.537477148080439,0.53125,
4.539305301645339,0.5,
4.541133455210238,0.53125,
4.542961608775137,0.4375,
4.544789762340036,0.46875,
4.546617915904936,0.59375,
4.548446069469835,0.59375,
4.550274223034735,0.4375,
4.552102376599635,0.34375,
4.553930530164534,0.625,
4.555758683729433,0.5,
4.557586837294332,0.375,
4.559414990859232,0.375,
4.5612431444241315,0.625,
4.5630712979890315,0.4375,
4.564899451553931,0.375,
4.56672760511883,0.53125,
4.568555758683729,0.5,
4.570383912248629,0.40625,
4.572212065813528,0.5,
4.5740402193784275,0.46875,
4.575868372943328,0.6875,
4.577696526508227,0.53125,
4.579524680073126,0.5625,
4.581352833638025,0.40625,
4.583180987202925,0.34375,
4.585009140767824,0.625,
4.586837294332724,0.59375,
4.588665447897624,0.5,
4.590493601462523,0.59375,
4.592321755027422,0.5,
4.594149908592322,0.46875,
4.595978062157221,0.375,
4.5978062157221204,0.46875,
4.5996343692870205,0.46875,
4.60146252285192,0.5625,
4.603290676416819,0.46875,
4.605118829981718,0.53125,
4.606946983546618,0.40625,
4.608775137111517,0.59375,
4.6106032906764165,0.3125,
4.612431444241317,0.5625,
4.614259597806216,0.5625,
4.616087751371115,0.5625,
4.617915904936015,0.5,
4.619744058500914,0.5625,
4.621572212065813,0.4375,
4.623400365630713,0.34375,
4.625228519195613,0.59375,
4.627056672760512,0.65625,
4.628884826325411,0.40625,
4.630712979890311,0.71875,
4.63254113345521,0.3125,
4.634369287020109,0.46875,
4.6361974405850095,0.4375,
4.638025594149909,0.46875,
4.639853747714808,0.5,
4.641681901279707,0.5625,
4.643510054844607,0.46875,
4.645338208409506,0.375,
4.6471663619744055,0.5,
4.6489945155393055,0.59375,
4.650822669104205,0.5625,
4.652650822669104,0.59375,
4.654478976234004,0.71875,
4.656307129798903,0.53125,
4.658135283363802,0.59375,
4.659963436928702,0.5,
4.661791590493602,0.6875,
4.663619744058501,0.28125,
4.6654478976234,0.46875,
4.6672760511883,0.53125,
4.669104204753199,0.5,
4.670932358318098,0.5,
4.6727605118829985,0.5625,
4.674588665447898,0.625,
4.676416819012797,0.5,
4.678244972577697,0.46875,
4.680073126142596,0.53125,
4.681901279707495,0.53125,
4.683729433272395,0.625,
4.6855575868372945,0.40625,
4.687385740402194,0.40625,
4.689213893967093,0.46875,
4.691042047531993,0.5625,
4.692870201096892,0.4375,
4.694698354661791,0.59375,
4.696526508226691,0.5625,
4.698354661791591,0.375,
4.70018281535649,0.375,
4.702010968921389,0.5,
4.703839122486289,0.1875,
4.705667276051188,0.4375,
4.707495429616088,0.4375,
4.709323583180987,0.4375,
4.711151736745887,0.34375,
4.712979890310786,0.3125,
4.714808043875686,0.53125,
4.716636197440585,0.53125,
4.718464351005484,0.5,
4.720292504570384,0.53125,
4.7221206581352835,0.53125,
4.723948811700183,0.40625,
4.725776965265082,0.375,
4.727605118829982,0.46875,
4.729433272394881,0.59375,
4.73126142595978,0.4375,
4.73308957952468,0.375,
4.7349177330895795,0.5,
4.736745886654479,0.5,
4.738574040219379,0.46875,
4.740402193784278,0.5625,
4.742230347349177,0.5,
4.744058500914077,0.46875,
4.745886654478976,0.5625,
4.747714808043876,0.5,
4.749542961608775,0.4375,
4.751371115173675,0.46875,
4.753199268738574,0.40625,
4.755027422303473,0.375,
4.756855575868373,0.46875,
4.7586837294332724,0.40625,
4.760511882998172,0.375,
4.762340036563071,0.5625,
4.764168190127971,0.40625,
4.76599634369287,0.46875,
4.76782449725777,0.5,
4.769652650822669,0.5,
4.7714808043875685,0.5625,
4.773308957952468,0.46875,
4.775137111517368,0.4375,
4.776965265082267,0.46875,
4.778793418647166,0.5,
4.780621572212066,0.5625,
4.782449725776965,0.5,
4.7842778793418645,0.59375,
4.786106032906764,0.53125,
4.787934186471664,0.4375,
4.789762340036563,0.4375,
4.791590493601462,0.65625,
4.793418647166362,0.46875,
4.795246800731261,0.625,
4.797074954296161,0.5625,
4.798903107861061,0.59375,
4.80073126142596,0.46875,
4.802559414990859,0.4375,
4.804387568555759,0.25,
4.806215722120658,0.5,
4.8080438756855575,0.5625,
4.809872029250457,0.53125,
4.811700182815357,0.46875,
4.813528336380256,0.4375,
4.815356489945155,0.5,
4.817184643510055,0.5,
4.819012797074954,0.59375,
4.8208409506398535,0.53125,
4.822669104204754,0.5,
4.824497257769653,0.46875,
4.826325411334552,0.4375,
4.828153564899452,0.4375,
4.829981718464351,0.34375,
4.83180987202925,0.59375,
4.83363802559415,0.4375,
4.83546617915905,0.375,
4.837294332723949,0.625,
4.839122486288848,0.71875,
4.840950639853748,0.375,
4.842778793418647,0.375,
4.844606946983546,0.53125,
4.846435100548446,0.53125,
4.848263254113346,0.40625,
4.850091407678245,0.53125,
4.851919561243144,0.625,
4.853747714808044,0.40625,
4.855575868372943,0.46875,
4.8574040219378425,0.5,
4.859232175502743,0.53125,
4.861060329067642,0.5,
4.862888482632541,0.4375,
4.864716636197441,0.625,
4.86654478976234,0.4375,
4.868372943327239,0.5,
4.8702010968921385,0.46875,
4.872029250457039,0.5,
4.873857404021938,0.5625,
4.875685557586837,0.4375,
4.877513711151737,0.5625,
4.879341864716636,0.5625,
4.881170018281535,0.46875,
4.8829981718464355,0.53125,
4.884826325411335,0.59375,
4.886654478976234,0.53125,
4.888482632541134,0.40625,
4.890310786106033,0.4375,
4.892138939670932,0.5,
4.8939670932358315,0.5,
4.8957952468007315,0.46875,
4.897623400365631,0.6875,
4.89945155393053,0.5625,
4.90127970749543,0.625,
4.903107861060329,0.53125,
4.904936014625228,0.53125,
4.9067641681901275,0.75,
4.908592321755028,0.46875,
4.910420475319927,0.53125,
4.912248628884826,0.46875,
4.914076782449726,0.5,
4.915904936014625,0.65625,
4.917733089579524,0.40625,
4.9195612431444244,0.4375,
4.921389396709324,0.46875,
4.923217550274223,0.40625,
4.925045703839123,0.40625,
4.926873857404022,0.5,
4.928702010968921,0.375,
4.93053016453382,0.40625,
4.9323583180987205,0.375,
4.93418647166362,0.59375,
4.936014625228519,0.4375,
4.937842778793419,0.46875,
4.939670932358318,0.46875,
4.941499085923217,0.46875,
4.943327239488117,0.53125,
4.9451553930530165,0.5625,
4.946983546617916,0.5625,
4.948811700182816,0.5,
4.950639853747715,0.53125,
4.952468007312614,0.34375,
4.954296160877513,0.53125,
4.956124314442413,0.59375,
4.957952468007313,0.5,
4.959780621572212,0.375,
4.961608775137112,0.375,
4.963436928702011,0.59375,
4.96526508226691,0.5625,
4.967093235831809,0.53125,
4.9689213893967095,0.5625,
4.970749542961609,0.5625,
4.972577696526509,0.5625,
4.974405850091408,0.375,
4.976234003656307,0.5,
4.978062157221206,0.40625,
4.979890310786106,0.53125,
4.9817184643510055,0.625,
4.983546617915905,0.392857164144516,
4.985374771480805,0.5625,
4.987202925045704,0.40625,
4.989031078610603,0.4375,
4.990859232175502,0.375,
4.992687385740402,0.34375,
4.994515539305302,0.375,
4.996343692870201,0.375,
4.998171846435101,0.5,
